Time,src_ip,dest_ip,Info
2022-11-20 19:53:04.995614994,192.168.1.157,34.120.127.120,Application Data
2022-11-20 19:53:04.996093245,34.120.127.120,192.168.1.157,https(443)  >  49422 [ACK] Seq=1 Ack=40 Win=64240 Len=0
2022-11-20 19:53:05.009788149,34.120.127.120,192.168.1.157,Application Data
2022-11-20 19:53:05.052562656,192.168.1.157,34.120.127.120,49422  >  https(443) [ACK] Seq=40 Ack=40 Win=62780 Len=0
2022-11-20 19:53:05.996006590,192.168.1.157,34.95.113.255,Application Data
2022-11-20 19:53:05.996397717,34.95.113.255,192.168.1.157,https(443)  >  52798 [ACK] Seq=1 Ack=40 Win=64240 Len=0
2022-11-20 19:53:05.999976935,34.95.113.255,192.168.1.157,Application Data
2022-11-20 19:53:06.041249245,192.168.1.157,34.95.113.255,52798  >  https(443) [ACK] Seq=40 Ack=40 Win=62780 Len=0
2022-11-20 19:53:06.109106655,192.168.1.157,192.168.1.161,35312  >  esmagent(5601) [ACK] Seq=1 Ack=1 Win=763 Len=0 TSval=4056213341 TSecr=1379274643
2022-11-20 19:53:06.109389536,192.168.1.161,192.168.1.157,[TCP ACKed unseen segment] esmagent(5601)  >  35312 [ACK] Seq=1 Ack=2 Win=501 Len=0 TSval=1379284882 TSecr=4056192962
2022-11-20 19:53:09.496589637,192.168.1.157,142.251.32.99,51858  >  http(80) [ACK] Seq=1 Ack=1 Win=63527 Len=0
2022-11-20 19:53:10.520522514,192.168.1.157,142.251.32.99,[TCP Dup ACK 188#1] 51858  >  http(80) [ACK] Seq=1 Ack=1 Win=63527 Len=0
2022-11-20 19:53:10.521067619,142.251.32.99,192.168.1.157,http(80)  >  51858 [ACK] Seq=1 Ack=2 Win=64240 Len=0
2022-11-20 19:53:11.997976718,192.168.1.157,192.168.1.161,"[TCP Previous segment not captured] POST /api/ui_counters/_report HTTP/1.1 , JavaScript Object Notation (application/json)"
2022-11-20 19:53:11.998429041,192.168.1.161,192.168.1.157,esmagent(5601)  >  35312 [ACK] Seq=1 Ack=1643 Win=501 Len=0 TSval=1379290765 TSecr=4056219230
2022-11-20 19:53:12.848617559,192.168.1.161,192.168.1.157,"HTTP/1.1 200 OK , JavaScript Object Notation (application/json)"
2022-11-20 19:53:12.848638183,192.168.1.157,192.168.1.161,35312  >  esmagent(5601) [ACK] Seq=1643 Ack=428 Win=786 Len=0 TSval=4056220080 TSecr=1379291614
2022-11-20 19:53:13.119420802,192.168.1.157,192.168.1.161,GET /app/home HTTP/1.1 
2022-11-20 19:53:13.143853721,192.168.1.161,192.168.1.157,"[TCP ACKed unseen segment] esmagent(5601)  >  35312 [PSH, ACK] Seq=428 Ack=1993 Win=501 Len=592 TSval=1379291909 TSecr=4056220351 [TCP segment of a reassembled PDU]"
2022-11-20 19:53:13.143879692,192.168.1.157,192.168.1.161,35312  >  esmagent(5601) [ACK] Seq=1993 Ack=1020 Win=808 Len=0 TSval=4056220376 TSecr=1379291909
2022-11-20 19:53:13.144771546,192.168.1.161,192.168.1.157,"[TCP ACKed unseen segment] esmagent(5601)  >  35312 [PSH, ACK] Seq=1020 Ack=1993 Win=501 Len=5792 TSval=1379291910 TSecr=4056220376 [TCP segment of a reassembled PDU]"
2022-11-20 19:53:13.144771626,192.168.1.161,192.168.1.157,esmagent(5601)  >  35312 [ACK] Seq=6812 Ack=1993 Win=501 Len=1448 TSval=1379291910 TSecr=4056220376 [TCP segment of a reassembled PDU]
2022-11-20 19:53:13.144794554,192.168.1.157,192.168.1.161,35312  >  esmagent(5601) [ACK] Seq=1993 Ack=6812 Win=899 Len=0 TSval=4056220376 TSecr=1379291910
2022-11-20 19:53:13.144815278,192.168.1.157,192.168.1.161,35312  >  esmagent(5601) [ACK] Seq=1993 Ack=8260 Win=921 Len=0 TSval=4056220376 TSecr=1379291910
2022-11-20 19:53:13.144878963,192.168.1.161,192.168.1.157,"[TCP ACKed unseen segment] esmagent(5601)  >  35312 [PSH, ACK] Seq=8260 Ack=1993 Win=501 Len=4344 TSval=1379291910 TSecr=4056220376 [TCP segment of a reassembled PDU]"
2022-11-20 19:53:13.144878993,192.168.1.161,192.168.1.157,"esmagent(5601)  >  35312 [PSH, ACK] Seq=12604 Ack=1993 Win=501 Len=2896 TSval=1379291910 TSecr=4056220376 [TCP segment of a reassembled PDU]"
2022-11-20 19:53:13.144881877,192.168.1.157,192.168.1.161,35312  >  esmagent(5601) [ACK] Seq=1993 Ack=12604 Win=989 Len=0 TSval=4056220377 TSecr=1379291910
2022-11-20 19:53:13.144903683,192.168.1.157,192.168.1.161,35312  >  esmagent(5601) [ACK] Seq=1993 Ack=15500 Win=1035 Len=0 TSval=4056220377 TSecr=1379291910
2022-11-20 19:53:13.145143336,192.168.1.161,192.168.1.157,"[TCP ACKed unseen segment] esmagent(5601)  >  35312 [PSH, ACK] Seq=15500 Ack=1993 Win=501 Len=1902 TSval=1379291910 TSecr=4056220376 [TCP segment of a reassembled PDU]"
2022-11-20 19:53:13.145146109,192.168.1.157,192.168.1.161,35312  >  esmagent(5601) [ACK] Seq=1993 Ack=17402 Win=1064 Len=0 TSval=4056220377 TSecr=1379291910
2022-11-20 19:53:13.145215481,192.168.1.161,192.168.1.157,"[TCP ACKed unseen segment] esmagent(5601)  >  35312 [PSH, ACK] Seq=17402 Ack=1993 Win=501 Len=7240 TSval=1379291911 TSecr=4056220376 [TCP segment of a reassembled PDU]"
2022-11-20 19:53:13.145217934,192.168.1.157,192.168.1.161,35312  >  esmagent(5601) [ACK] Seq=1993 Ack=24642 Win=1177 Len=0 TSval=4056220377 TSecr=1379291911
2022-11-20 19:53:13.145484049,192.168.1.161,192.168.1.157,"[TCP ACKed unseen segment] esmagent(5601)  >  35312 [PSH, ACK] Seq=24642 Ack=1993 Win=501 Len=1086 TSval=1379291911 TSecr=4056220377 [TCP segment of a reassembled PDU]"
2022-11-20 19:53:13.145486572,192.168.1.157,192.168.1.161,35312  >  esmagent(5601) [ACK] Seq=1993 Ack=25728 Win=1200 Len=0 TSval=4056220377 TSecr=1379291911
2022-11-20 19:53:13.145743175,192.168.1.161,192.168.1.157,[TCP ACKed unseen segment] HTTP/1.1 200 OK  (text/html)
2022-11-20 19:53:13.145745648,192.168.1.157,192.168.1.161,35312  >  esmagent(5601) [ACK] Seq=1993 Ack=25733 Win=1200 Len=0 TSval=4056220377 TSecr=1379291911
2022-11-20 19:53:13.193190644,192.168.1.157,192.168.1.161,GET /bootstrap.js HTTP/1.1 
2022-11-20 19:53:13.200285702,192.168.1.161,192.168.1.157,[TCP ACKed unseen segment] HTTP/1.1 304 Not Modified 
2022-11-20 19:53:13.200301881,192.168.1.157,192.168.1.161,35312  >  esmagent(5601) [ACK] Seq=2344 Ack=26190 Win=1223 Len=0 TSval=4056220432 TSecr=1379291966
2022-11-20 19:53:13.382826636,192.168.1.157,192.168.1.161,GET /ui/favicons/favicon.svg HTTP/1.1 
2022-11-20 19:53:13.383051942,192.168.1.157,192.168.1.161,"35312  >  esmagent(5601) [FIN, ACK] Seq=2664 Ack=26190 Win=1223 Len=0 TSval=4056220615 TSecr=1379291966"
2022-11-20 19:53:13.388085534,192.168.1.161,192.168.1.157,"[TCP ACKed unseen segment] esmagent(5601)  >  35312 [FIN, ACK] Seq=26190 Ack=2665 Win=501 Len=0 TSval=1379292153 TSecr=4056220614"
2022-11-20 19:53:13.388146456,192.168.1.157,192.168.1.161,35312  >  esmagent(5601) [ACK] Seq=2665 Ack=26191 Win=1223 Len=0 TSval=4056220620 TSecr=1379292153
2022-11-20 19:53:13.891310132,192.168.1.157,192.168.1.161,42620  >  esmagent(5601) [SYN] Seq=0 Win=64240 Len=0 MSS=1460 SACK_PERM TSval=4056221123 TSecr=0 WS=128
2022-11-20 19:53:13.891688069,192.168.1.161,192.168.1.157,"esmagent(5601)  >  42620 [SYN, ACK] Seq=0 Ack=1 Win=65160 Len=0 MSS=1460 SACK_PERM TSval=1379292656 TSecr=4056221123 WS=128"
2022-11-20 19:53:13.891706641,192.168.1.157,192.168.1.161,42620  >  esmagent(5601) [ACK] Seq=1 Ack=1 Win=64256 Len=0 TSval=4056221123 TSecr=1379292656
2022-11-20 19:53:13.891826572,192.168.1.157,192.168.1.161,GET /translations/en.json HTTP/1.1 
2022-11-20 19:53:13.892191854,192.168.1.161,192.168.1.157,esmagent(5601)  >  42620 [ACK] Seq=1 Ack=355 Win=64896 Len=0 TSval=1379292657 TSecr=4056221123
2022-11-20 19:53:13.895797166,192.168.1.161,192.168.1.157,HTTP/1.1 304 Not Modified 
2022-11-20 19:53:13.895804415,192.168.1.157,192.168.1.161,42620  >  esmagent(5601) [ACK] Seq=355 Ack=452 Win=64128 Len=0 TSval=4056221127 TSecr=1379292660
2022-11-20 19:53:14.112510884,192.168.1.157,192.168.1.161,GET /internal/security/me HTTP/1.1 
2022-11-20 19:53:14.115348288,192.168.1.161,192.168.1.157,HTTP/1.1 200 OK 
2022-11-20 19:53:14.115374901,192.168.1.157,192.168.1.161,42620  >  esmagent(5601) [ACK] Seq=782 Ack=816 Win=64128 Len=0 TSval=4056221347 TSecr=1379292879
2022-11-20 19:53:14.121987442,192.168.1.157,192.168.1.161,"POST /api/core/capabilities HTTP/1.1 , JavaScript Object Notation (application/json)"
2022-11-20 19:53:14.149797376,192.168.1.161,192.168.1.157,"esmagent(5601)  >  42620 [PSH, ACK] Seq=816 Ack=1877 Win=64128 Len=482 TSval=1379292914 TSecr=4056221354 [TCP segment of a reassembled PDU]"
2022-11-20 19:53:14.192348523,192.168.1.157,192.168.1.161,42620  >  esmagent(5601) [ACK] Seq=1877 Ack=1298 Win=64128 Len=0 TSval=4056221424 TSecr=1379292914
2022-11-20 19:53:14.192770856,192.168.1.161,192.168.1.157,"HTTP/1.1 200 OK , JavaScript Object Notation (application/json)"
2022-11-20 19:53:14.192779036,192.168.1.157,192.168.1.161,42620  >  esmagent(5601) [ACK] Seq=1877 Ack=2677 Win=64128 Len=0 TSval=4056221424 TSecr=1379292957
2022-11-20 19:53:14.350030645,192.168.1.157,192.168.1.161,"POST /internal/licensing/feature_usage/register HTTP/1.1 , JavaScript Object Notation (application/json)"
2022-11-20 19:53:14.351131081,192.168.1.157,192.168.1.161,42624  >  esmagent(5601) [SYN] Seq=0 Win=64240 Len=0 MSS=1460 SACK_PERM TSval=4056221583 TSecr=0 WS=128
2022-11-20 19:53:14.351575811,192.168.1.161,192.168.1.157,"esmagent(5601)  >  42624 [SYN, ACK] Seq=0 Ack=1 Win=65160 Len=0 MSS=1460 SACK_PERM TSval=1379293115 TSecr=4056221583 WS=128"
2022-11-20 19:53:14.351590589,192.168.1.157,192.168.1.161,42624  >  esmagent(5601) [ACK] Seq=1 Ack=1 Win=64256 Len=0 TSval=4056221583 TSecr=1379293115
2022-11-20 19:53:14.351667703,192.168.1.157,192.168.1.161,42628  >  esmagent(5601) [SYN] Seq=0 Win=64240 Len=0 MSS=1460 SACK_PERM TSval=4056221583 TSecr=0 WS=128
2022-11-20 19:53:14.351727976,192.168.1.157,192.168.1.161,GET /api/licensing/info HTTP/1.1 
2022-11-20 19:53:14.351858575,192.168.1.157,192.168.1.161,42638  >  esmagent(5601) [SYN] Seq=0 Win=64240 Len=0 MSS=1460 SACK_PERM TSval=4056221584 TSecr=0 WS=128
2022-11-20 19:53:14.352024036,192.168.1.161,192.168.1.157,"esmagent(5601)  >  42628 [SYN, ACK] Seq=0 Ack=1 Win=65160 Len=0 MSS=1460 SACK_PERM TSval=1379293116 TSecr=4056221583 WS=128"
2022-11-20 19:53:14.352050908,192.168.1.157,192.168.1.161,42628  >  esmagent(5601) [ACK] Seq=1 Ack=1 Win=64256 Len=0 TSval=4056221584 TSecr=1379293116
2022-11-20 19:53:14.352117980,192.168.1.157,192.168.1.161,GET /api/banners/info HTTP/1.1 
2022-11-20 19:53:14.352223258,192.168.1.161,192.168.1.157,esmagent(5601)  >  42624 [ACK] Seq=1 Ack=452 Win=64768 Len=0 TSval=1379293116 TSecr=4056221583
2022-11-20 19:53:14.352495188,192.168.1.157,192.168.1.161,42640  >  esmagent(5601) [SYN] Seq=0 Win=64240 Len=0 MSS=1460 SACK_PERM TSval=4056221584 TSecr=0 WS=128
2022-11-20 19:53:14.352607785,192.168.1.161,192.168.1.157,"esmagent(5601)  >  42638 [SYN, ACK] Seq=0 Ack=1 Win=65160 Len=0 MSS=1460 SACK_PERM TSval=1379293116 TSecr=4056221584 WS=128"
2022-11-20 19:53:14.352607825,192.168.1.161,192.168.1.157,esmagent(5601)  >  42628 [ACK] Seq=1 Ack=424 Win=64768 Len=0 TSval=1379293116 TSecr=4056221584
2022-11-20 19:53:14.352636990,192.168.1.157,192.168.1.161,42638  >  esmagent(5601) [ACK] Seq=1 Ack=1 Win=64256 Len=0 TSval=4056221584 TSecr=1379293116
2022-11-20 19:53:14.352732111,192.168.1.157,192.168.1.161,GET /internal/security/session HTTP/1.1 
2022-11-20 19:53:14.352819242,192.168.1.161,192.168.1.157,"esmagent(5601)  >  42640 [SYN, ACK] Seq=0 Ack=1 Win=65160 Len=0 MSS=1460 SACK_PERM TSval=1379293117 TSecr=4056221584 WS=128"
2022-11-20 19:53:14.352844502,192.168.1.157,192.168.1.161,42640  >  esmagent(5601) [ACK] Seq=1 Ack=1 Win=64256 Len=0 TSval=4056221584 TSecr=1379293117
2022-11-20 19:53:14.352959422,192.168.1.157,192.168.1.161,GET /internal/security/security_checkup/state HTTP/1.1 
2022-11-20 19:53:14.353015460,192.168.1.161,192.168.1.157,esmagent(5601)  >  42638 [ACK] Seq=1 Ack=459 Win=64768 Len=0 TSval=1379293117 TSecr=4056221584
2022-11-20 19:53:14.353070717,192.168.1.157,192.168.1.161,42650  >  esmagent(5601) [SYN] Seq=0 Win=64240 Len=0 MSS=1460 SACK_PERM TSval=4056221585 TSecr=0 WS=128
2022-11-20 19:53:14.353270520,192.168.1.161,192.168.1.157,esmagent(5601)  >  42640 [ACK] Seq=1 Ack=448 Win=64768 Len=0 TSval=1379293117 TSecr=4056221585
2022-11-20 19:53:14.353601211,192.168.1.161,192.168.1.157,"esmagent(5601)  >  42650 [SYN, ACK] Seq=0 Ack=1 Win=65160 Len=0 MSS=1460 SACK_PERM TSval=1379293117 TSecr=4056221585 WS=128"
2022-11-20 19:53:14.353627463,192.168.1.157,192.168.1.161,42650  >  esmagent(5601) [ACK] Seq=1 Ack=1 Win=64256 Len=0 TSval=4056221585 TSecr=1379293117
2022-11-20 19:53:14.353760225,192.168.1.157,192.168.1.161,GET /internal/security/me HTTP/1.1 
2022-11-20 19:53:14.353974635,192.168.1.161,192.168.1.157,esmagent(5601)  >  42650 [ACK] Seq=1 Ack=454 Win=64768 Len=0 TSval=1379293118 TSecr=4056221585
2022-11-20 19:53:14.354424632,192.168.1.161,192.168.1.157,"HTTP/1.1 200 OK , JavaScript Object Notation (application/json)"
2022-11-20 19:53:14.354431240,192.168.1.157,192.168.1.161,42620  >  esmagent(5601) [ACK] Seq=2662 Ack=3105 Win=64128 Len=0 TSval=4056221586 TSecr=1379293118
2022-11-20 19:53:14.355451349,192.168.1.157,192.168.1.161,GET /api/saved_objects_tagging/tags HTTP/1.1 
2022-11-20 19:53:14.370391123,192.168.1.161,192.168.1.157,HTTP/1.1 204 No Content 
2022-11-20 19:53:14.370402356,192.168.1.157,192.168.1.161,42638  >  esmagent(5601) [ACK] Seq=459 Ack=354 Win=64128 Len=0 TSval=4056221602 TSecr=1379293134
2022-11-20 19:53:14.370984603,192.168.1.157,192.168.1.161,"POST /api/saved_objects/_bulk_get HTTP/1.1 , JavaScript Object Notation (application/json)"
2022-11-20 19:53:14.374877751,192.168.1.161,192.168.1.157,HTTP/1.1 200 OK 
2022-11-20 19:53:14.374891938,192.168.1.157,192.168.1.161,42650  >  esmagent(5601) [ACK] Seq=454 Ack=365 Win=64128 Len=0 TSval=4056221607 TSecr=1379293139
2022-11-20 19:53:14.379441144,192.168.1.157,34.120.127.120,Application Data
2022-11-20 19:53:14.380170760,34.120.127.120,192.168.1.157,https(443)  >  49422 [ACK] Seq=40 Ack=79 Win=64240 Len=0
2022-11-20 19:53:14.381836103,192.168.1.157,34.120.127.120,Application Data
2022-11-20 19:53:14.381877843,192.168.1.157,34.120.127.120,"49422  >  https(443) [FIN, ACK] Seq=103 Ack=40 Win=62780 Len=0"
2022-11-20 19:53:14.382481607,34.120.127.120,192.168.1.157,https(443)  >  49422 [ACK] Seq=40 Ack=103 Win=64240 Len=0
2022-11-20 19:53:14.382698521,34.120.127.120,192.168.1.157,https(443)  >  49422 [ACK] Seq=40 Ack=104 Win=64239 Len=0
2022-11-20 19:53:14.384683591,192.168.1.161,192.168.1.157,"esmagent(5601)  >  42624 [PSH, ACK] Seq=1 Ack=452 Win=64768 Len=482 TSval=1379293148 TSecr=4056221583 [TCP segment of a reassembled PDU]"
2022-11-20 19:53:14.384694044,192.168.1.157,192.168.1.161,42624  >  esmagent(5601) [ACK] Seq=452 Ack=483 Win=64128 Len=0 TSval=4056221616 TSecr=1379293148
2022-11-20 19:53:14.389901798,192.168.1.161,192.168.1.157,"HTTP/1.1 200 OK , JavaScript Object Notation (application/json)"
2022-11-20 19:53:14.389922112,192.168.1.157,192.168.1.161,42628  >  esmagent(5601) [ACK] Seq=424 Ack=553 Win=64128 Len=0 TSval=4056221622 TSecr=1379293154
2022-11-20 19:53:14.390403137,192.168.1.161,192.168.1.157,"esmagent(5601)  >  42624 [PSH, ACK] Seq=483 Ack=452 Win=64768 Len=400 TSval=1379293154 TSecr=4056221616 [TCP segment of a reassembled PDU]"
2022-11-20 19:53:14.390410586,192.168.1.157,192.168.1.161,42624  >  esmagent(5601) [ACK] Seq=452 Ack=883 Win=64128 Len=0 TSval=4056221622 TSecr=1379293154
2022-11-20 19:53:14.390730254,192.168.1.161,192.168.1.157,"HTTP/1.1 200 OK , JavaScript Object Notation (application/json)"
2022-11-20 19:53:14.390737533,192.168.1.157,192.168.1.161,42624  >  esmagent(5601) [ACK] Seq=452 Ack=888 Win=64128 Len=0 TSval=4056221622 TSecr=1379293155
2022-11-20 19:53:14.391579816,192.168.1.161,192.168.1.157,"HTTP/1.1 200 OK , JavaScript Object Notation (application/json)"
2022-11-20 19:53:14.391587015,192.168.1.157,192.168.1.161,42640  >  esmagent(5601) [ACK] Seq=448 Ack=457 Win=64128 Len=0 TSval=4056221623 TSecr=1379293155
2022-11-20 19:53:14.392492164,192.168.1.161,192.168.1.157,"HTTP/1.1 200 OK , JavaScript Object Notation (application/json)"
2022-11-20 19:53:14.396279294,34.120.127.120,192.168.1.157,"https(443)  >  49422 [FIN, PSH, ACK] Seq=40 Ack=104 Win=64239 Len=0"
2022-11-20 19:53:14.396297206,192.168.1.157,34.120.127.120,49422  >  https(443) [ACK] Seq=104 Ack=41 Win=62780 Len=0
2022-11-20 19:53:14.397224982,192.168.1.161,192.168.1.157,esmagent(5601)  >  42620 [ACK] Seq=3105 Ack=3125 Win=64128 Len=0 TSval=1379293161 TSecr=4056221587
2022-11-20 19:53:14.398072616,192.168.1.161,192.168.1.157,"HTTP/1.1 200 OK , JavaScript Object Notation (application/json)"
2022-11-20 19:53:14.407166316,192.168.1.157,192.168.1.161,GET /internal/security/me HTTP/1.1 
2022-11-20 19:53:14.407483811,192.168.1.161,192.168.1.157,esmagent(5601)  >  42620 [ACK] Seq=3694 Ack=3578 Win=64128 Len=0 TSval=1379293171 TSecr=4056221639
2022-11-20 19:53:14.409831503,192.168.1.161,192.168.1.157,HTTP/1.1 200 OK 
2022-11-20 19:53:14.436365957,192.168.1.157,192.168.1.161,42638  >  esmagent(5601) [ACK] Seq=988 Ack=1044 Win=64128 Len=0 TSval=4056221668 TSecr=1379293156
2022-11-20 19:53:14.452626396,192.168.1.157,192.168.1.161,42620  >  esmagent(5601) [ACK] Seq=3578 Ack=4058 Win=64128 Len=0 TSval=4056221684 TSecr=1379293174
2022-11-20 19:53:14.586990347,192.168.1.157,192.168.1.161,GET /api/index_patterns/has_user_index_pattern HTTP/1.1 
2022-11-20 19:53:14.587566777,192.168.1.157,192.168.1.161,GET /internal/spaces/_active_space HTTP/1.1 
2022-11-20 19:53:14.598005474,192.168.1.161,192.168.1.157,"HTTP/1.1 200 OK , JavaScript Object Notation (application/json)"
2022-11-20 19:53:14.598036001,192.168.1.157,192.168.1.161,42624  >  esmagent(5601) [ACK] Seq=888 Ack=1457 Win=64128 Len=0 TSval=4056221830 TSecr=1379293362
2022-11-20 19:53:14.600454940,192.168.1.161,192.168.1.157,"HTTP/1.1 200 OK , JavaScript Object Notation (application/json)"
2022-11-20 19:53:14.600470088,192.168.1.157,192.168.1.161,42620  >  esmagent(5601) [ACK] Seq=4026 Ack=4507 Win=64128 Len=0 TSval=4056221832 TSecr=1379293364
2022-11-20 19:53:14.987594923,192.168.1.157,34.95.113.255,Application Data
2022-11-20 19:53:14.987950254,34.95.113.255,192.168.1.157,https(443)  >  52798 [ACK] Seq=40 Ack=123 Win=64240 Len=0
2022-11-20 19:53:15.039556920,34.95.113.255,192.168.1.157,Application Data
2022-11-20 19:53:15.039573060,192.168.1.157,34.95.113.255,52798  >  https(443) [ACK] Seq=123 Ack=163 Win=62780 Len=0
2022-11-20 19:53:15.039893819,192.168.1.157,34.95.113.255,Application Data
2022-11-20 19:53:15.040053558,192.168.1.157,34.95.113.255,Application Data
2022-11-20 19:53:15.040127360,192.168.1.157,34.95.113.255,"52798  >  https(443) [FIN, ACK] Seq=186 Ack=163 Win=62780 Len=0"
2022-11-20 19:53:15.040263830,34.95.113.255,192.168.1.157,https(443)  >  52798 [ACK] Seq=163 Ack=162 Win=64240 Len=0
2022-11-20 19:53:15.040785990,34.95.113.255,192.168.1.157,https(443)  >  52798 [ACK] Seq=163 Ack=186 Win=64240 Len=0
2022-11-20 19:53:15.040786080,34.95.113.255,192.168.1.157,https(443)  >  52798 [ACK] Seq=163 Ack=187 Win=64239 Len=0
2022-11-20 19:53:15.047112203,34.95.113.255,192.168.1.157,"https(443)  >  52798 [FIN, PSH, ACK] Seq=163 Ack=187 Win=64239 Len=0"
2022-11-20 19:53:15.047121385,192.168.1.157,34.95.113.255,52798  >  https(443) [ACK] Seq=187 Ack=164 Win=62780 Len=0
2022-11-20 19:53:17.727461368,192.168.1.157,192.168.1.161,"POST /api/saved_objects/_bulk_get HTTP/1.1 , JavaScript Object Notation (application/json)"
2022-11-20 19:53:17.733813003,192.168.1.161,192.168.1.157,"HTTP/1.1 200 OK , JavaScript Object Notation (application/json)"
2022-11-20 19:53:17.733833870,192.168.1.157,192.168.1.161,42620  >  esmagent(5601) [ACK] Seq=4567 Ack=5197 Win=64128 Len=0 TSval=4056224965 TSecr=1379296493
2022-11-20 19:53:17.776242974,192.168.1.157,192.168.1.161,GET /internal/data_views/has_data_views HTTP/1.1 
2022-11-20 19:53:17.790492839,192.168.1.161,192.168.1.157,"HTTP/1.1 200 OK , JavaScript Object Notation (application/json)"
2022-11-20 19:53:17.790511694,192.168.1.157,192.168.1.161,42620  >  esmagent(5601) [ACK] Seq=5101 Ack=5674 Win=64128 Len=0 TSval=4056225022 TSecr=1379296550
2022-11-20 19:53:17.795740397,192.168.1.157,192.168.1.161,GET /internal/index-pattern-management/resolve_index/* HTTP/1.1 
2022-11-20 19:53:17.803112266,192.168.1.161,192.168.1.157,"HTTP/1.1 200 OK , JavaScript Object Notation (application/json)"
2022-11-20 19:53:17.808986629,192.168.1.157,192.168.1.161,GET /api/saved_objects/_find?fields=title&fields=type&fields=typeMeta&fields=name&per_page=10000&type=index-pattern HTTP/1.1 
2022-11-20 19:53:17.817375169,192.168.1.161,192.168.1.157,"esmagent(5601)  >  42620 [PSH, ACK] Seq=6849 Ack=6260 Win=64128 Len=482 TSval=1379296577 TSecr=4056225041 [TCP segment of a reassembled PDU]"
2022-11-20 19:53:17.860515725,192.168.1.157,192.168.1.161,42620  >  esmagent(5601) [ACK] Seq=6260 Ack=7331 Win=64128 Len=0 TSval=4056225092 TSecr=1379296577
2022-11-20 19:53:17.860856307,192.168.1.161,192.168.1.157,"HTTP/1.1 200 OK , JavaScript Object Notation (application/json)"
2022-11-20 19:53:17.860865770,192.168.1.157,192.168.1.161,42620  >  esmagent(5601) [ACK] Seq=6260 Ack=7772 Win=64128 Len=0 TSval=4056225093 TSecr=1379296620
2022-11-20 19:53:17.966127000,192.168.1.157,192.168.1.161,"POST /api/saved_objects/_bulk_resolve HTTP/1.1 , JavaScript Object Notation (application/json)"
2022-11-20 19:53:17.975542594,192.168.1.161,192.168.1.157,"esmagent(5601)  >  42620 [PSH, ACK] Seq=7772 Ack=6892 Win=64128 Len=482 TSval=1379296735 TSecr=4056225198 [TCP segment of a reassembled PDU]"
2022-11-20 19:53:17.975560567,192.168.1.157,192.168.1.161,42620  >  esmagent(5601) [ACK] Seq=6892 Ack=8254 Win=64128 Len=0 TSval=4056225207 TSecr=1379296735
2022-11-20 19:53:17.975895933,192.168.1.161,192.168.1.157,"HTTP/1.1 200 OK , JavaScript Object Notation (application/json)"
2022-11-20 19:53:17.975900969,192.168.1.157,192.168.1.161,42620  >  esmagent(5601) [ACK] Seq=6892 Ack=9129 Win=64128 Len=0 TSval=4056225208 TSecr=1379296735
2022-11-20 19:53:17.980085067,192.168.1.157,192.168.1.161,GET /api/index_patterns/_fields_for_wildcard?pattern=auditbeat-*&meta_fields=_source&meta_fields=_id&meta_fields=_index&meta_fields=_score HTTP/1.1 
2022-11-20 19:53:18.012789068,192.168.1.161,192.168.1.157,"esmagent(5601)  >  42620 [PSH, ACK] Seq=9129 Ack=7525 Win=64128 Len=482 TSval=1379296772 TSecr=4056225212 [TCP segment of a reassembled PDU]"
2022-11-20 19:53:18.013118755,192.168.1.161,192.168.1.157,"esmagent(5601)  >  42620 [PSH, ACK] Seq=9611 Ack=7525 Win=64128 Len=2896 TSval=1379296772 TSecr=4056225212 [TCP segment of a reassembled PDU]"
2022-11-20 19:53:18.013185383,192.168.1.157,192.168.1.161,42620  >  esmagent(5601) [ACK] Seq=7525 Ack=12507 Win=64128 Len=0 TSval=4056225245 TSecr=1379296772
2022-11-20 19:53:18.013214231,192.168.1.161,192.168.1.157,"esmagent(5601)  >  42620 [PSH, ACK] Seq=12507 Ack=7525 Win=64128 Len=2896 TSval=1379296772 TSecr=4056225212 [TCP segment of a reassembled PDU]"
2022-11-20 19:53:18.013224895,192.168.1.157,192.168.1.161,42620  >  esmagent(5601) [ACK] Seq=7525 Ack=15403 Win=64128 Len=0 TSval=4056225245 TSecr=1379296772
2022-11-20 19:53:18.013278466,192.168.1.161,192.168.1.157,"esmagent(5601)  >  42620 [PSH, ACK] Seq=15403 Ack=7525 Win=64128 Len=2896 TSval=1379296772 TSecr=4056225212 [TCP segment of a reassembled PDU]"
2022-11-20 19:53:18.013342541,192.168.1.157,192.168.1.161,42620  >  esmagent(5601) [ACK] Seq=7525 Ack=18299 Win=64128 Len=0 TSval=4056225245 TSecr=1379296772
2022-11-20 19:53:18.013347067,192.168.1.161,192.168.1.157,esmagent(5601)  >  42620 [ACK] Seq=18299 Ack=7525 Win=64128 Len=1448 TSval=1379296772 TSecr=4056225212 [TCP segment of a reassembled PDU]
2022-11-20 19:53:18.013667752,192.168.1.161,192.168.1.157,"esmagent(5601)  >  42620 [PSH, ACK] Seq=19747 Ack=7525 Win=64128 Len=836 TSval=1379296773 TSecr=4056225245 [TCP segment of a reassembled PDU]"
2022-11-20 19:53:18.013674471,192.168.1.157,192.168.1.161,42620  >  esmagent(5601) [ACK] Seq=7525 Ack=20583 Win=64128 Len=0 TSval=4056225245 TSecr=1379296772
2022-11-20 19:53:18.018550508,192.168.1.161,192.168.1.157,"HTTP/1.1 200 OK , JavaScript Object Notation (application/json)"
2022-11-20 19:53:18.041992659,192.168.1.157,192.168.1.161,GET /api/index_patterns/_fields_for_wildcard?pattern=auditbeat-*&meta_fields=_source&meta_fields=_id&meta_fields=_index&meta_fields=_score&allow_no_index=false HTTP/1.1 
2022-11-20 19:53:18.085871163,192.168.1.161,192.168.1.157,esmagent(5601)  >  42620 [ACK] Seq=20588 Ack=8179 Win=64128 Len=0 TSval=1379296845 TSecr=4056225274
2022-11-20 19:53:18.100260316,192.168.1.161,192.168.1.157,"esmagent(5601)  >  42620 [PSH, ACK] Seq=20588 Ack=8179 Win=64128 Len=482 TSval=1379296859 TSecr=4056225274 [TCP segment of a reassembled PDU]"
2022-11-20 19:53:18.101222891,192.168.1.161,192.168.1.157,"esmagent(5601)  >  42620 [PSH, ACK] Seq=21070 Ack=8179 Win=64128 Len=4344 TSval=1379296860 TSecr=4056225274 [TCP segment of a reassembled PDU]"
2022-11-20 19:53:18.101299242,192.168.1.161,192.168.1.157,"esmagent(5601)  >  42620 [PSH, ACK] Seq=25414 Ack=8179 Win=64128 Len=4344 TSval=1379296860 TSecr=4056225274 [TCP segment of a reassembled PDU]"
2022-11-20 19:53:18.101310437,192.168.1.157,192.168.1.161,42620  >  esmagent(5601) [ACK] Seq=8179 Ack=25414 Win=62592 Len=0 TSval=4056225333 TSecr=1379296859
2022-11-20 19:53:18.101350840,192.168.1.157,192.168.1.161,42620  >  esmagent(5601) [ACK] Seq=8179 Ack=29758 Win=64128 Len=0 TSval=4056225333 TSecr=1379296860
2022-11-20 19:53:18.101395139,192.168.1.161,192.168.1.157,esmagent(5601)  >  42620 [ACK] Seq=29758 Ack=8179 Win=64128 Len=1448 TSval=1379296861 TSecr=4056225274 [TCP segment of a reassembled PDU]
2022-11-20 19:53:18.101692943,192.168.1.161,192.168.1.157,"HTTP/1.1 200 OK , JavaScript Object Notation (application/json)"
2022-11-20 19:53:18.101698411,192.168.1.157,192.168.1.161,42620  >  esmagent(5601) [ACK] Seq=8179 Ack=32047 Win=64128 Len=0 TSval=4056225333 TSecr=1379296861
2022-11-20 19:53:18.144756689,192.168.1.157,192.168.1.161,GET /55434/bundles/kbn-ui-shared-deps-npm/kbn-ui-shared-deps-npm.chunk.59.js HTTP/1.1 
2022-11-20 19:53:18.144964774,192.168.1.157,192.168.1.161,"42620  >  esmagent(5601) [FIN, ACK] Seq=8529 Ack=32047 Win=64128 Len=0 TSval=4056225377 TSecr=1379296861"
2022-11-20 19:53:18.145036399,192.168.1.157,192.168.1.161,GET /55434/bundles/kbn-ui-shared-deps-npm/kbn-ui-shared-deps-npm.chunk.175.js HTTP/1.1 
2022-11-20 19:53:18.145291918,192.168.1.161,192.168.1.157,esmagent(5601)  >  42620 [ACK] Seq=32047 Ack=8529 Win=64128 Len=0 TSval=1379296904 TSecr=4056225376
2022-11-20 19:53:18.145860400,192.168.1.157,192.168.1.161,"42624  >  esmagent(5601) [FIN, ACK] Seq=1239 Ack=1457 Win=64128 Len=0 TSval=4056225378 TSecr=1379293362"
2022-11-20 19:53:18.146208631,192.168.1.157,192.168.1.161,GET /55434/bundles/kbn-ui-shared-deps-npm/kbn-ui-shared-deps-npm.chunk.182.js HTTP/1.1 
2022-11-20 19:53:18.146669842,192.168.1.157,192.168.1.161,GET /55434/bundles/kbn-ui-shared-deps-npm/kbn-ui-shared-deps-npm.chunk.277.js HTTP/1.1 
2022-11-20 19:53:18.146726677,192.168.1.157,192.168.1.161,"42638  >  esmagent(5601) [FIN, ACK] Seq=1339 Ack=1044 Win=64128 Len=0 TSval=4056225378 TSecr=1379293156"
2022-11-20 19:53:18.146931659,192.168.1.161,192.168.1.157,esmagent(5601)  >  42628 [ACK] Seq=553 Ack=775 Win=64512 Len=0 TSval=1379296906 TSecr=4056225378
2022-11-20 19:53:18.147328854,192.168.1.157,192.168.1.161,"42628  >  esmagent(5601) [FIN, ACK] Seq=775 Ack=553 Win=64128 Len=0 TSval=4056225379 TSecr=1379296906"
2022-11-20 19:53:18.151241646,192.168.1.161,192.168.1.157,"esmagent(5601)  >  42620 [FIN, ACK] Seq=32047 Ack=8530 Win=64128 Len=0 TSval=1379296910 TSecr=4056225377"
2022-11-20 19:53:18.151270444,192.168.1.157,192.168.1.161,42620  >  esmagent(5601) [ACK] Seq=8530 Ack=32048 Win=64128 Len=0 TSval=4056225383 TSecr=1379296910
2022-11-20 19:53:18.154226529,192.168.1.161,192.168.1.157,"esmagent(5601)  >  42624 [FIN, ACK] Seq=1457 Ack=1240 Win=64128 Len=0 TSval=1379296913 TSecr=4056225377"
2022-11-20 19:53:18.154226659,192.168.1.161,192.168.1.157,"esmagent(5601)  >  42638 [FIN, ACK] Seq=1044 Ack=1340 Win=64128 Len=0 TSval=1379296913 TSecr=4056225378"
2022-11-20 19:53:18.154241218,192.168.1.157,192.168.1.161,42624  >  esmagent(5601) [ACK] Seq=1240 Ack=1458 Win=64128 Len=0 TSval=4056225386 TSecr=1379296913
2022-11-20 19:53:18.154282583,192.168.1.157,192.168.1.161,42638  >  esmagent(5601) [ACK] Seq=1340 Ack=1045 Win=64128 Len=0 TSval=4056225386 TSecr=1379296913
2022-11-20 19:53:18.154470512,192.168.1.161,192.168.1.157,"esmagent(5601)  >  42628 [FIN, ACK] Seq=553 Ack=776 Win=64512 Len=0 TSval=1379296913 TSecr=4056225379"
2022-11-20 19:53:18.154475058,192.168.1.157,192.168.1.161,42628  >  esmagent(5601) [ACK] Seq=776 Ack=554 Win=64128 Len=0 TSval=4056225386 TSecr=1379296913
2022-11-20 19:53:18.247401870,192.168.1.157,192.168.1.161,GET /55434/bundles/kbn-ui-shared-deps-npm/kbn-ui-shared-deps-npm.chunk.153.js HTTP/1.1 
2022-11-20 19:53:18.248137504,192.168.1.157,192.168.1.161,"42640  >  esmagent(5601) [FIN, ACK] Seq=799 Ack=457 Win=64128 Len=0 TSval=4056225480 TSecr=1379293155"
2022-11-20 19:53:18.249479280,192.168.1.161,192.168.1.157,"esmagent(5601)  >  42640 [FIN, ACK] Seq=457 Ack=800 Win=64512 Len=0 TSval=1379297008 TSecr=4056225479"
2022-11-20 19:53:18.249494210,192.168.1.157,192.168.1.161,42640  >  esmagent(5601) [ACK] Seq=800 Ack=458 Win=64128 Len=0 TSval=4056225481 TSecr=1379297008
2022-11-20 19:53:18.256630320,192.168.1.157,192.168.1.161,"POST /api/saved_query/_find HTTP/1.1 , JavaScript Object Notation (application/json)"
2022-11-20 19:53:18.262476251,192.168.1.161,192.168.1.157,"HTTP/1.1 200 OK , JavaScript Object Notation (application/json)"
2022-11-20 19:53:18.262505189,192.168.1.157,192.168.1.161,42650  >  esmagent(5601) [ACK] Seq=1066 Ack=806 Win=64128 Len=0 TSval=4056225494 TSecr=1379297021
2022-11-20 19:53:18.389223701,192.168.1.157,192.168.1.161,"42650  >  esmagent(5601) [PSH, ACK] Seq=1066 Ack=806 Win=64128 Len=7240 TSval=4056225621 TSecr=1379297021 [TCP segment of a reassembled PDU]"
2022-11-20 19:53:18.389303417,192.168.1.157,192.168.1.161,"POST /internal/bsearch?compress=true HTTP/1.1 , JavaScript Object Notation (application/json)"
2022-11-20 19:53:18.390388459,192.168.1.161,192.168.1.157,esmagent(5601)  >  42650 [ACK] Seq=806 Ack=12134 Win=64128 Len=0 TSval=1379297149 TSecr=4056225621
2022-11-20 19:53:18.446597029,192.168.1.161,192.168.1.157,"esmagent(5601)  >  42650 [PSH, ACK] Seq=806 Ack=12134 Win=64128 Len=1049 TSval=1379297205 TSecr=4056225621 [TCP segment of a reassembled PDU]"
2022-11-20 19:53:18.446638103,192.168.1.157,192.168.1.161,42650  >  esmagent(5601) [ACK] Seq=12134 Ack=1855 Win=64128 Len=0 TSval=4056225678 TSecr=1379297205
2022-11-20 19:53:18.527057103,192.168.1.161,192.168.1.157,"esmagent(5601)  >  42650 [PSH, ACK] Seq=1855 Ack=12134 Win=64128 Len=357 TSval=1379297286 TSecr=4056225678 [TCP segment of a reassembled PDU]"
2022-11-20 19:53:18.527078151,192.168.1.157,192.168.1.161,42650  >  esmagent(5601) [ACK] Seq=12134 Ack=2212 Win=64128 Len=0 TSval=4056225759 TSecr=1379297286
2022-11-20 19:53:18.527387691,192.168.1.161,192.168.1.157,"HTTP/1.1 200 OK , JavaScript Object Notation (application/x-ndjson)"
2022-11-20 19:53:18.527393569,192.168.1.157,192.168.1.161,42650  >  esmagent(5601) [ACK] Seq=12134 Ack=2217 Win=64128 Len=0 TSval=4056225759 TSecr=1379297286
2022-11-20 19:53:19.636582027,192.168.1.157,192.168.1.161,"POST /internal/bsearch?compress=true HTTP/1.1 , JavaScript Object Notation (application/json)"
2022-11-20 19:53:19.637398457,192.168.1.161,192.168.1.157,esmagent(5601)  >  42650 [ACK] Seq=2217 Ack=18533 Win=64128 Len=0 TSval=1379298394 TSecr=4056226868
2022-11-20 19:53:19.668692174,192.168.1.161,192.168.1.157,"esmagent(5601)  >  42650 [PSH, ACK] Seq=2217 Ack=18533 Win=64128 Len=7240 TSval=1379298426 TSecr=4056226868 [TCP segment of a reassembled PDU]"
2022-11-20 19:53:19.668692495,192.168.1.161,192.168.1.157,"esmagent(5601)  >  42650 [PSH, ACK] Seq=9457 Ack=18533 Win=64128 Len=7240 TSval=1379298426 TSecr=4056226868 [TCP segment of a reassembled PDU]"
2022-11-20 19:53:19.668726641,192.168.1.157,192.168.1.161,42650  >  esmagent(5601) [ACK] Seq=18533 Ack=9457 Win=60672 Len=0 TSval=4056226900 TSecr=1379298426
2022-11-20 19:53:19.668750373,192.168.1.157,192.168.1.161,42650  >  esmagent(5601) [ACK] Seq=18533 Ack=16697 Win=55808 Len=0 TSval=4056226900 TSecr=1379298426
2022-11-20 19:53:19.669031892,192.168.1.161,192.168.1.157,"HTTP/1.1 200 OK , JavaScript Object Notation (application/x-ndjson)"
2022-11-20 19:53:19.669036869,192.168.1.157,192.168.1.161,42650  >  esmagent(5601) [ACK] Seq=18533 Ack=22440 Win=61568 Len=0 TSval=4056226901 TSecr=1379298426
2022-11-20 19:53:20.697355697,192.168.1.157,142.251.32.99,[TCP Dup ACK 188#1] 51858  >  http(80) [ACK] Seq=1 Ack=1 Win=63527 Len=0
2022-11-20 19:53:20.697833857,142.251.32.99,192.168.1.157,[TCP Dup ACK 224#1] http(80)  >  51858 [ACK] Seq=1 Ack=2 Win=64240 Len=0
2022-11-20 19:53:24.445530225,192.168.1.157,192.168.1.161,GET /app/download HTTP/1.1 
2022-11-20 19:53:24.466687654,192.168.1.161,192.168.1.157,"esmagent(5601)  >  42650 [PSH, ACK] Seq=22440 Ack=18887 Win=64128 Len=592 TSval=1379303217 TSecr=4056231677 [TCP segment of a reassembled PDU]"
2022-11-20 19:53:24.466709776,192.168.1.157,192.168.1.161,42650  >  esmagent(5601) [ACK] Seq=18887 Ack=23032 Win=67072 Len=0 TSval=4056231698 TSecr=1379303217
2022-11-20 19:53:24.467054023,192.168.1.161,192.168.1.157,"esmagent(5601)  >  42650 [PSH, ACK] Seq=23032 Ack=18887 Win=64128 Len=7240 TSval=1379303217 TSecr=4056231698 [TCP segment of a reassembled PDU]"
2022-11-20 19:53:24.467054113,192.168.1.161,192.168.1.157,"esmagent(5601)  >  42650 [PSH, ACK] Seq=30272 Ack=18887 Win=64128 Len=7240 TSval=1379303217 TSecr=4056231698 [TCP segment of a reassembled PDU]"
2022-11-20 19:53:24.467067022,192.168.1.157,192.168.1.161,42650  >  esmagent(5601) [ACK] Seq=18887 Ack=30272 Win=81536 Len=0 TSval=4056231699 TSecr=1379303217
2022-11-20 19:53:24.467097146,192.168.1.157,192.168.1.161,42650  >  esmagent(5601) [ACK] Seq=18887 Ack=37512 Win=96000 Len=0 TSval=4056231699 TSecr=1379303217
2022-11-20 19:53:24.467401951,192.168.1.161,192.168.1.157,"esmagent(5601)  >  42650 [PSH, ACK] Seq=37512 Ack=18887 Win=64128 Len=10136 TSval=1379303218 TSecr=4056231699 [TCP segment of a reassembled PDU]"
2022-11-20 19:53:24.467407038,192.168.1.157,192.168.1.161,42650  >  esmagent(5601) [ACK] Seq=18887 Ack=47648 Win=116224 Len=0 TSval=4056231699 TSecr=1379303218
2022-11-20 19:53:24.467471120,192.168.1.161,192.168.1.157,"esmagent(5601)  >  42650 [PSH, ACK] Seq=47648 Ack=18887 Win=64128 Len=92 TSval=1379303218 TSecr=4056231699 [TCP segment of a reassembled PDU]"
2022-11-20 19:53:24.467473774,192.168.1.157,192.168.1.161,42650  >  esmagent(5601) [ACK] Seq=18887 Ack=47740 Win=116224 Len=0 TSval=4056231699 TSecr=1379303218
2022-11-20 19:53:24.467773392,192.168.1.161,192.168.1.157,HTTP/1.1 200 OK  (text/html)
2022-11-20 19:53:24.467777638,192.168.1.157,192.168.1.161,42650  >  esmagent(5601) [ACK] Seq=18887 Ack=47745 Win=116224 Len=0 TSval=4056231699 TSecr=1379303218
2022-11-20 19:53:24.485474467,192.168.1.157,192.168.1.161,GET /bootstrap.js HTTP/1.1 
2022-11-20 19:53:24.493530657,192.168.1.161,192.168.1.157,HTTP/1.1 304 Not Modified 
2022-11-20 19:53:24.536363563,192.168.1.157,192.168.1.161,42650  >  esmagent(5601) [ACK] Seq=19242 Ack=48202 Win=119168 Len=0 TSval=4056231768 TSecr=1379303244
2022-11-20 19:53:25.184503207,192.168.1.157,192.168.1.161,GET /translations/en.json HTTP/1.1 
2022-11-20 19:53:25.186736581,192.168.1.161,192.168.1.157,HTTP/1.1 304 Not Modified 
2022-11-20 19:53:25.186748699,192.168.1.157,192.168.1.161,42650  >  esmagent(5601) [ACK] Seq=19600 Ack=48653 Win=122112 Len=0 TSval=4056232418 TSecr=1379303936
2022-11-20 19:53:25.417012798,192.168.1.157,192.168.1.161,GET /internal/security/me HTTP/1.1 
2022-11-20 19:53:25.419538124,192.168.1.161,192.168.1.157,HTTP/1.1 200 OK 
2022-11-20 19:53:25.419558454,192.168.1.157,192.168.1.161,42650  >  esmagent(5601) [ACK] Seq=20035 Ack=49017 Win=124928 Len=0 TSval=4056232651 TSecr=1379304168
2022-11-20 19:53:25.439976005,192.168.1.157,192.168.1.161,"POST /api/core/capabilities HTTP/1.1 , JavaScript Object Notation (application/json)"
2022-11-20 19:53:25.465015009,192.168.1.161,192.168.1.157,"esmagent(5601)  >  42650 [PSH, ACK] Seq=49017 Ack=21138 Win=64128 Len=482 TSval=1379304214 TSecr=4056232672 [TCP segment of a reassembled PDU]"
2022-11-20 19:53:25.509129838,192.168.1.157,192.168.1.161,42650  >  esmagent(5601) [ACK] Seq=21138 Ack=49499 Win=127872 Len=0 TSval=4056232741 TSecr=1379304214
2022-11-20 19:53:25.509473830,192.168.1.161,192.168.1.157,"HTTP/1.1 200 OK , JavaScript Object Notation (application/json)"
2022-11-20 19:53:25.509483965,192.168.1.157,192.168.1.161,42650  >  esmagent(5601) [ACK] Seq=21138 Ack=50878 Win=130816 Len=0 TSval=4056232741 TSecr=1379304258
2022-11-20 19:53:25.616656828,192.168.1.157,192.168.1.161,"POST /internal/licensing/feature_usage/register HTTP/1.1 , JavaScript Object Notation (application/json)"
2022-11-20 19:53:25.617292246,192.168.1.157,192.168.1.161,41628  >  esmagent(5601) [SYN] Seq=0 Win=64240 Len=0 MSS=1460 SACK_PERM TSval=4056232849 TSecr=0 WS=128
2022-11-20 19:53:25.617454573,192.168.1.157,192.168.1.161,41640  >  esmagent(5601) [SYN] Seq=0 Win=64240 Len=0 MSS=1460 SACK_PERM TSval=4056232849 TSecr=0 WS=128
2022-11-20 19:53:25.617604752,192.168.1.161,192.168.1.157,"esmagent(5601)  >  41628 [SYN, ACK] Seq=0 Ack=1 Win=65160 Len=0 MSS=1460 SACK_PERM TSval=1379304366 TSecr=4056232849 WS=128"
2022-11-20 19:53:25.617627795,192.168.1.157,192.168.1.161,41628  >  esmagent(5601) [ACK] Seq=1 Ack=1 Win=64256 Len=0 TSval=4056232849 TSecr=1379304366
2022-11-20 19:53:25.617680743,192.168.1.161,192.168.1.157,"esmagent(5601)  >  41640 [SYN, ACK] Seq=0 Ack=1 Win=65160 Len=0 MSS=1460 SACK_PERM TSval=1379304367 TSecr=4056232849 WS=128"
2022-11-20 19:53:25.617683887,192.168.1.157,192.168.1.161,41640  >  esmagent(5601) [ACK] Seq=1 Ack=1 Win=64256 Len=0 TSval=4056232849 TSecr=1379304367
2022-11-20 19:53:25.617716294,192.168.1.157,192.168.1.161,GET /api/licensing/info HTTP/1.1 
2022-11-20 19:53:25.617823430,192.168.1.157,192.168.1.161,GET /api/banners/info HTTP/1.1 
2022-11-20 19:53:25.617907744,192.168.1.161,192.168.1.157,esmagent(5601)  >  41628 [ACK] Seq=1 Ack=434 Win=64768 Len=0 TSval=1379304367 TSecr=4056232849
2022-11-20 19:53:25.618067798,192.168.1.161,192.168.1.157,esmagent(5601)  >  41640 [ACK] Seq=1 Ack=406 Win=64768 Len=0 TSval=1379304367 TSecr=4056232849
2022-11-20 19:53:25.619039065,192.168.1.157,192.168.1.161,41646  >  esmagent(5601) [SYN] Seq=0 Win=64240 Len=0 MSS=1460 SACK_PERM TSval=4056232851 TSecr=0 WS=128
2022-11-20 19:53:25.619279696,192.168.1.161,192.168.1.157,"esmagent(5601)  >  41646 [SYN, ACK] Seq=0 Ack=1 Win=65160 Len=0 MSS=1460 SACK_PERM TSval=1379304368 TSecr=4056232851 WS=128"
2022-11-20 19:53:25.619294308,192.168.1.157,192.168.1.161,41646  >  esmagent(5601) [ACK] Seq=1 Ack=1 Win=64256 Len=0 TSval=4056232851 TSecr=1379304368
2022-11-20 19:53:25.619354681,192.168.1.157,192.168.1.161,GET /internal/security/session HTTP/1.1 
2022-11-20 19:53:25.619593224,192.168.1.161,192.168.1.157,esmagent(5601)  >  41646 [ACK] Seq=1 Ack=441 Win=64768 Len=0 TSval=1379304368 TSecr=4056232851
2022-11-20 19:53:25.619733894,192.168.1.157,192.168.1.161,41656  >  esmagent(5601) [SYN] Seq=0 Win=64240 Len=0 MSS=1460 SACK_PERM TSval=4056232851 TSecr=0 WS=128
2022-11-20 19:53:25.620098021,192.168.1.161,192.168.1.157,"esmagent(5601)  >  41656 [SYN, ACK] Seq=0 Ack=1 Win=65160 Len=0 MSS=1460 SACK_PERM TSval=1379304369 TSecr=4056232851 WS=128"
2022-11-20 19:53:25.620104510,192.168.1.157,192.168.1.161,41656  >  esmagent(5601) [ACK] Seq=1 Ack=1 Win=64256 Len=0 TSval=4056232852 TSecr=1379304369
2022-11-20 19:53:25.620126032,192.168.1.157,192.168.1.161,41672  >  esmagent(5601) [SYN] Seq=0 Win=64240 Len=0 MSS=1460 SACK_PERM TSval=4056232852 TSecr=0 WS=128
2022-11-20 19:53:25.620202564,192.168.1.157,192.168.1.161,GET /internal/security/security_checkup/state HTTP/1.1 
2022-11-20 19:53:25.620414252,192.168.1.161,192.168.1.157,"esmagent(5601)  >  41672 [SYN, ACK] Seq=0 Ack=1 Win=65160 Len=0 MSS=1460 SACK_PERM TSval=1379304369 TSecr=4056232852 WS=128"
2022-11-20 19:53:25.620437336,192.168.1.157,192.168.1.161,41672  >  esmagent(5601) [ACK] Seq=1 Ack=1 Win=64256 Len=0 TSval=4056232852 TSecr=1379304369
2022-11-20 19:53:25.620498255,192.168.1.161,192.168.1.157,esmagent(5601)  >  41656 [ACK] Seq=1 Ack=430 Win=64768 Len=0 TSval=1379304369 TSecr=4056232852
2022-11-20 19:53:25.620498255,192.168.1.157,192.168.1.161,GET /internal/security/me HTTP/1.1 
2022-11-20 19:53:25.620726558,192.168.1.161,192.168.1.157,esmagent(5601)  >  41672 [ACK] Seq=1 Ack=436 Win=64768 Len=0 TSval=1379304369 TSecr=4056232852
2022-11-20 19:53:25.623036710,192.168.1.161,192.168.1.157,"HTTP/1.1 200 OK , JavaScript Object Notation (application/json)"
2022-11-20 19:53:25.623068556,192.168.1.157,192.168.1.161,42650  >  esmagent(5601) [ACK] Seq=21905 Ack=51306 Win=133632 Len=0 TSval=4056232855 TSecr=1379304372
2022-11-20 19:53:25.623287155,192.168.1.157,192.168.1.161,GET /api/saved_objects_tagging/tags HTTP/1.1 
2022-11-20 19:53:25.633215295,192.168.1.161,192.168.1.157,HTTP/1.1 204 No Content 
2022-11-20 19:53:25.633232370,192.168.1.157,192.168.1.161,41646  >  esmagent(5601) [ACK] Seq=441 Ack=354 Win=64128 Len=0 TSval=4056232865 TSecr=1379304382
2022-11-20 19:53:25.635932421,192.168.1.161,192.168.1.157,HTTP/1.1 200 OK 
2022-11-20 19:53:25.635948324,192.168.1.157,192.168.1.161,41672  >  esmagent(5601) [ACK] Seq=436 Ack=365 Win=64128 Len=0 TSval=4056232868 TSecr=1379304385
2022-11-20 19:53:25.637681874,192.168.1.161,192.168.1.157,"esmagent(5601)  >  41628 [PSH, ACK] Seq=1 Ack=434 Win=64768 Len=482 TSval=1379304386 TSecr=4056232849 [TCP segment of a reassembled PDU]"
2022-11-20 19:53:25.637695013,192.168.1.157,192.168.1.161,41628  >  esmagent(5601) [ACK] Seq=434 Ack=483 Win=64128 Len=0 TSval=4056232869 TSecr=1379304386
2022-11-20 19:53:25.640449243,192.168.1.161,192.168.1.157,"HTTP/1.1 200 OK , JavaScript Object Notation (application/json)"
2022-11-20 19:53:25.640466258,192.168.1.157,192.168.1.161,41640  >  esmagent(5601) [ACK] Seq=406 Ack=553 Win=64128 Len=0 TSval=4056232872 TSecr=1379304389
2022-11-20 19:53:25.641852011,192.168.1.161,192.168.1.157,"esmagent(5601)  >  41628 [PSH, ACK] Seq=483 Ack=434 Win=64768 Len=400 TSval=1379304390 TSecr=4056232869 [TCP segment of a reassembled PDU]"
2022-11-20 19:53:25.641865460,192.168.1.157,192.168.1.161,41628  >  esmagent(5601) [ACK] Seq=434 Ack=883 Win=64128 Len=0 TSval=4056232874 TSecr=1379304390
2022-11-20 19:53:25.642228430,192.168.1.161,192.168.1.157,"HTTP/1.1 200 OK , JavaScript Object Notation (application/json)"
2022-11-20 19:53:25.642235360,192.168.1.157,192.168.1.161,41628  >  esmagent(5601) [ACK] Seq=434 Ack=888 Win=64128 Len=0 TSval=4056232874 TSecr=1379304391
2022-11-20 19:53:25.643266976,192.168.1.161,192.168.1.157,"HTTP/1.1 200 OK , JavaScript Object Notation (application/json)"
2022-11-20 19:53:25.643275468,192.168.1.157,192.168.1.161,41656  >  esmagent(5601) [ACK] Seq=430 Ack=457 Win=64128 Len=0 TSval=4056232875 TSecr=1379304392
2022-11-20 19:53:25.644416103,192.168.1.161,192.168.1.157,"HTTP/1.1 200 OK , JavaScript Object Notation (application/json)"
2022-11-20 19:53:25.676702647,192.168.1.157,192.168.1.161,GET /internal/security/me HTTP/1.1 
2022-11-20 19:53:25.679061940,192.168.1.161,192.168.1.157,HTTP/1.1 200 OK 
2022-11-20 19:53:25.720443379,192.168.1.157,192.168.1.161,42650  >  esmagent(5601) [ACK] Seq=22785 Ack=52259 Win=139392 Len=0 TSval=4056232952 TSecr=1379304428
2022-11-20 19:53:30.936825058,192.168.1.157,142.251.32.99,[TCP Dup ACK 188#1] 51858  >  http(80) [ACK] Seq=1 Ack=1 Win=63527 Len=0
2022-11-20 19:53:30.937334576,142.251.32.99,192.168.1.157,[TCP Dup ACK 224#2] http(80)  >  51858 [ACK] Seq=1 Ack=2 Win=64240 Len=0
2022-11-20 19:53:32.995601899,192.168.1.157,142.251.40.163,43350  >  https(443) [SYN] Seq=0 Win=64240 Len=0 MSS=1460 SACK_PERM TSval=2132556297 TSecr=0 WS=128
2022-11-20 19:53:33.004409223,142.251.40.163,192.168.1.157,"https(443)  >  43350 [SYN, ACK] Seq=0 Ack=1 Win=64240 Len=0 MSS=1460"
2022-11-20 19:53:33.004427572,192.168.1.157,142.251.40.163,43350  >  https(443) [ACK] Seq=1 Ack=1 Win=64240 Len=0
2022-11-20 19:53:33.005681683,192.168.1.157,142.251.40.163,Client Hello
2022-11-20 19:53:33.006026408,142.251.40.163,192.168.1.157,https(443)  >  43350 [ACK] Seq=1 Ack=518 Win=64240 Len=0
2022-11-20 19:53:33.015931762,142.251.40.163,192.168.1.157,"Server Hello, Change Cipher Spec"
2022-11-20 19:53:33.015931832,142.251.40.163,192.168.1.157,https(443)  >  43350 [ACK] Seq=1413 Ack=518 Win=64240 Len=1460 [TCP segment of a reassembled PDU]
2022-11-20 19:53:33.015938302,192.168.1.157,142.251.40.163,43350  >  https(443) [ACK] Seq=518 Ack=1413 Win=63540 Len=0
2022-11-20 19:53:33.015966426,192.168.1.157,142.251.40.163,43350  >  https(443) [ACK] Seq=518 Ack=2873 Win=62780 Len=0
2022-11-20 19:53:33.016021351,142.251.40.163,192.168.1.157,https(443)  >  43350 [ACK] Seq=2873 Ack=518 Win=64240 Len=1460 [TCP segment of a reassembled PDU]
2022-11-20 19:53:33.016023845,192.168.1.157,142.251.40.163,43350  >  https(443) [ACK] Seq=518 Ack=4333 Win=61320 Len=0
2022-11-20 19:53:33.016079502,142.251.40.163,192.168.1.157,Application Data
2022-11-20 19:53:33.016081445,192.168.1.157,142.251.40.163,43350  >  https(443) [ACK] Seq=518 Ack=4341 Win=61320 Len=0
2022-11-20 19:53:33.019445677,192.168.1.157,142.251.40.163,"Change Cipher Spec, Application Data"
2022-11-20 19:53:33.019621341,192.168.1.157,142.251.40.163,Application Data
2022-11-20 19:53:33.019787649,142.251.40.163,192.168.1.157,https(443)  >  43350 [ACK] Seq=4341 Ack=582 Win=64240 Len=0
2022-11-20 19:53:33.019953487,142.251.40.163,192.168.1.157,https(443)  >  43350 [ACK] Seq=4341 Ack=752 Win=64240 Len=0
2022-11-20 19:53:33.027071315,142.251.40.163,192.168.1.157,"Application Data, Application Data"
2022-11-20 19:53:33.027348040,192.168.1.157,142.251.40.163,Application Data
2022-11-20 19:53:33.027656666,142.251.40.163,192.168.1.157,https(443)  >  43350 [ACK] Seq=4955 Ack=783 Win=64240 Len=0
2022-11-20 19:53:33.032111444,142.251.40.163,192.168.1.157,Application Data
2022-11-20 19:53:33.072481728,192.168.1.157,142.251.40.163,43350  >  https(443) [ACK] Seq=783 Ack=4986 Win=62780 Len=0
2022-11-20 19:53:33.284199406,192.168.1.157,142.251.40.131,45018  >  https(443) [SYN] Seq=0 Win=64240 Len=0 MSS=1460 SACK_PERM TSval=2013765628 TSecr=0 WS=128
2022-11-20 19:53:33.291119748,142.251.40.131,192.168.1.157,"https(443)  >  45018 [SYN, ACK] Seq=0 Ack=1 Win=64240 Len=0 MSS=1460"
2022-11-20 19:53:33.291134982,192.168.1.157,142.251.40.131,45018  >  https(443) [ACK] Seq=1 Ack=1 Win=64240 Len=0
2022-11-20 19:53:33.292244709,192.168.1.157,142.251.40.131,Client Hello
2022-11-20 19:53:33.292609636,142.251.40.131,192.168.1.157,https(443)  >  45018 [ACK] Seq=1 Ack=518 Win=64240 Len=0
2022-11-20 19:53:33.309033547,142.251.40.131,192.168.1.157,"Server Hello, Change Cipher Spec"
2022-11-20 19:53:33.309040307,192.168.1.157,142.251.40.131,45018  >  https(443) [ACK] Seq=518 Ack=1461 Win=62780 Len=0
2022-11-20 19:53:33.309106520,142.251.40.131,192.168.1.157,"https(443)  >  45018 [PSH, ACK] Seq=1461 Ack=518 Win=64240 Len=1364 [TCP segment of a reassembled PDU]"
2022-11-20 19:53:33.309106560,142.251.40.131,192.168.1.157,"https(443)  >  45018 [PSH, ACK] Seq=2825 Ack=518 Win=64240 Len=1412 [TCP segment of a reassembled PDU]"
2022-11-20 19:53:33.309111458,192.168.1.157,142.251.40.131,45018  >  https(443) [ACK] Seq=518 Ack=2825 Win=62780 Len=0
2022-11-20 19:53:33.309124839,192.168.1.157,142.251.40.131,45018  >  https(443) [ACK] Seq=518 Ack=4237 Win=61368 Len=0
2022-11-20 19:53:33.309169278,142.251.40.131,192.168.1.157,"https(443)  >  45018 [PSH, ACK] Seq=4237 Ack=518 Win=64240 Len=1412 [TCP segment of a reassembled PDU]"
2022-11-20 19:53:33.309169318,142.251.40.131,192.168.1.157,Application Data
2022-11-20 19:53:33.309171461,192.168.1.157,142.251.40.131,45018  >  https(443) [ACK] Seq=518 Ack=5649 Win=61368 Len=0
2022-11-20 19:53:33.309181226,192.168.1.157,142.251.40.131,45018  >  https(443) [ACK] Seq=518 Ack=6740 Win=60277 Len=0
2022-11-20 19:53:33.312933621,192.168.1.157,142.251.40.131,"Change Cipher Spec, Application Data"
2022-11-20 19:53:33.313219325,192.168.1.157,142.251.40.131,Application Data
2022-11-20 19:53:33.313275432,192.168.1.157,142.251.40.131,Application Data
2022-11-20 19:53:33.313480161,142.251.40.131,192.168.1.157,https(443)  >  45018 [ACK] Seq=6740 Ack=582 Win=64240 Len=0
2022-11-20 19:53:33.313738673,142.251.40.131,192.168.1.157,https(443)  >  45018 [ACK] Seq=6740 Ack=752 Win=64240 Len=0
2022-11-20 19:53:33.313738713,142.251.40.131,192.168.1.157,https(443)  >  45018 [ACK] Seq=6740 Ack=1464 Win=64240 Len=0
2022-11-20 19:53:33.326200673,142.251.40.131,192.168.1.157,"Application Data, Application Data"
2022-11-20 19:53:33.327040619,192.168.1.157,142.251.40.131,Application Data
2022-11-20 19:53:33.327384429,142.251.40.131,192.168.1.157,https(443)  >  45018 [ACK] Seq=7354 Ack=1495 Win=64240 Len=0
2022-11-20 19:53:33.333611558,142.251.40.131,192.168.1.157,Application Data
2022-11-20 19:53:33.361064231,142.251.40.131,192.168.1.157,"Application Data, Application Data"
2022-11-20 19:53:33.361127309,142.251.40.131,192.168.1.157,Application Data
2022-11-20 19:53:33.361336123,192.168.1.157,142.251.40.131,45018  >  https(443) [ACK] Seq=1495 Ack=8267 Win=63540 Len=0
2022-11-20 19:53:33.361383217,192.168.1.157,142.251.40.131,Application Data
2022-11-20 19:53:33.361774535,142.251.40.131,192.168.1.157,https(443)  >  45018 [ACK] Seq=8267 Ack=1534 Win=64240 Len=0
2022-11-20 19:53:33.387161774,192.168.1.157,142.251.40.131,Application Data
2022-11-20 19:53:33.387648742,142.251.40.131,192.168.1.157,https(443)  >  45018 [ACK] Seq=8267 Ack=1573 Win=64240 Len=0
2022-11-20 19:53:33.387898120,192.168.1.157,142.251.40.131,Application Data
2022-11-20 19:53:33.388021662,192.168.1.157,142.251.40.131,"45018  >  https(443) [FIN, ACK] Seq=1597 Ack=8267 Win=63540 Len=0"
2022-11-20 19:53:33.388519406,142.251.40.131,192.168.1.157,https(443)  >  45018 [ACK] Seq=8267 Ack=1597 Win=64240 Len=0
2022-11-20 19:53:33.388519446,142.251.40.131,192.168.1.157,https(443)  >  45018 [ACK] Seq=8267 Ack=1598 Win=64239 Len=0
2022-11-20 19:53:33.394607308,142.251.40.131,192.168.1.157,"https(443)  >  45018 [FIN, PSH, ACK] Seq=8267 Ack=1598 Win=64239 Len=0"
2022-11-20 19:53:33.394617013,192.168.1.157,142.251.40.131,45018  >  https(443) [ACK] Seq=1598 Ack=8268 Win=63540 Len=0
2022-11-20 19:53:33.647756187,192.168.1.157,142.250.65.195,Application Data
2022-11-20 19:53:33.647842662,192.168.1.157,142.250.65.195,Application Data
2022-11-20 19:53:33.647911759,192.168.1.157,142.250.65.195,Application Data
2022-11-20 19:53:33.648044556,192.168.1.157,142.250.65.195,"Application Data, Application Data"
2022-11-20 19:53:33.648520521,192.168.1.157,142.250.65.195,Application Data
2022-11-20 19:53:33.648806841,142.250.65.195,192.168.1.157,https(443)  >  54452 [ACK] Seq=1 Ack=278 Win=64240 Len=0
2022-11-20 19:53:33.648806901,142.250.65.195,192.168.1.157,https(443)  >  54452 [ACK] Seq=1 Ack=313 Win=64240 Len=0
2022-11-20 19:53:33.648806921,142.250.65.195,192.168.1.157,https(443)  >  54452 [ACK] Seq=1 Ack=399 Win=64240 Len=0
2022-11-20 19:53:33.648806941,142.250.65.195,192.168.1.157,https(443)  >  54452 [ACK] Seq=1 Ack=527 Win=64240 Len=0
2022-11-20 19:53:33.649005390,142.250.65.195,192.168.1.157,https(443)  >  54452 [ACK] Seq=1 Ack=562 Win=64240 Len=0
2022-11-20 19:53:33.658400099,142.250.65.195,192.168.1.157,Application Data
2022-11-20 19:53:33.658415854,192.168.1.157,142.250.65.195,54452  >  https(443) [ACK] Seq=562 Ack=646 Win=62780 Len=0
2022-11-20 19:53:33.658477199,142.250.65.195,192.168.1.157,Application Data
2022-11-20 19:53:33.658481476,192.168.1.157,142.250.65.195,54452  >  https(443) [ACK] Seq=562 Ack=1259 Win=62780 Len=0
2022-11-20 19:53:33.658663759,142.250.65.195,192.168.1.157,Application Data
2022-11-20 19:53:33.658668006,192.168.1.157,142.250.65.195,54452  >  https(443) [ACK] Seq=562 Ack=1298 Win=62780 Len=0
2022-11-20 19:53:33.658995916,192.168.1.157,142.250.65.195,Application Data
2022-11-20 19:53:33.659372732,142.250.65.195,192.168.1.157,https(443)  >  54452 [ACK] Seq=1298 Ack=601 Win=64240 Len=0
2022-11-20 19:53:33.807857891,192.168.1.157,142.251.32.110,55930  >  https(443) [SYN] Seq=0 Win=64240 Len=0 MSS=1460 SACK_PERM TSval=2969769801 TSecr=0 WS=128
2022-11-20 19:53:33.814353743,142.251.32.110,192.168.1.157,"https(443)  >  55930 [SYN, ACK] Seq=0 Ack=1 Win=64240 Len=0 MSS=1460"
2022-11-20 19:53:33.814377630,192.168.1.157,142.251.32.110,55930  >  https(443) [ACK] Seq=1 Ack=1 Win=64240 Len=0
2022-11-20 19:53:33.815473955,192.168.1.157,142.251.32.110,Client Hello
2022-11-20 19:53:33.815826153,142.251.32.110,192.168.1.157,https(443)  >  55930 [ACK] Seq=1 Ack=518 Win=64240 Len=0
2022-11-20 19:53:33.826486571,142.251.32.110,192.168.1.157,"Server Hello, Change Cipher Spec"
2022-11-20 19:53:33.826492971,192.168.1.157,142.251.32.110,55930  >  https(443) [ACK] Seq=518 Ack=2825 Win=62780 Len=0
2022-11-20 19:53:33.826651037,142.251.32.110,192.168.1.157,"https(443)  >  55930 [PSH, ACK] Seq=2825 Ack=518 Win=64240 Len=1412 [TCP segment of a reassembled PDU]"
2022-11-20 19:53:33.826651077,142.251.32.110,192.168.1.157,"https(443)  >  55930 [PSH, ACK] Seq=4237 Ack=518 Win=64240 Len=1412 [TCP segment of a reassembled PDU]"
2022-11-20 19:53:33.826656666,192.168.1.157,142.251.32.110,55930  >  https(443) [ACK] Seq=518 Ack=4237 Win=61368 Len=0
2022-11-20 19:53:33.826671889,192.168.1.157,142.251.32.110,55930  >  https(443) [ACK] Seq=518 Ack=5649 Win=61368 Len=0
2022-11-20 19:53:33.826730000,142.251.32.110,192.168.1.157,Application Data
2022-11-20 19:53:33.826732954,192.168.1.157,142.251.32.110,55930  >  https(443) [ACK] Seq=518 Ack=6742 Win=60275 Len=0
2022-11-20 19:53:33.830587543,192.168.1.157,142.251.32.110,"Change Cipher Spec, Application Data"
2022-11-20 19:53:33.830877374,192.168.1.157,142.251.32.110,Application Data
2022-11-20 19:53:33.830911657,192.168.1.157,142.251.32.110,Application Data
2022-11-20 19:53:33.830954048,192.168.1.157,142.251.32.110,Application Data
2022-11-20 19:53:33.831070880,142.251.32.110,192.168.1.157,https(443)  >  55930 [ACK] Seq=6742 Ack=582 Win=64240 Len=0
2022-11-20 19:53:33.831414054,142.251.32.110,192.168.1.157,https(443)  >  55930 [ACK] Seq=6742 Ack=752 Win=64240 Len=0
2022-11-20 19:53:33.831520098,142.251.32.110,192.168.1.157,https(443)  >  55930 [ACK] Seq=6742 Ack=1381 Win=64240 Len=0
2022-11-20 19:53:33.831520148,142.251.32.110,192.168.1.157,https(443)  >  55930 [ACK] Seq=6742 Ack=1811 Win=64240 Len=0
2022-11-20 19:53:33.836161296,142.251.32.110,192.168.1.157,"Application Data, Application Data"
2022-11-20 19:53:33.836561012,192.168.1.157,142.251.32.110,Application Data
2022-11-20 19:53:33.836905954,142.251.32.110,192.168.1.157,https(443)  >  55930 [ACK] Seq=7356 Ack=1842 Win=64240 Len=0
2022-11-20 19:53:33.841725089,142.251.32.110,192.168.1.157,Application Data
2022-11-20 19:53:33.855637064,142.251.32.110,192.168.1.157,"Application Data, Application Data"
2022-11-20 19:53:33.855815441,192.168.1.157,142.251.32.110,55930  >  https(443) [ACK] Seq=1842 Ack=8124 Win=63540 Len=0
2022-11-20 19:53:33.857058028,142.251.32.110,192.168.1.157,"Application Data, Application Data"
2022-11-20 19:53:33.857415149,192.168.1.157,142.251.32.110,Application Data
2022-11-20 19:53:33.857846244,142.251.32.110,192.168.1.157,https(443)  >  55930 [ACK] Seq=8209 Ack=1881 Win=64240 Len=0
2022-11-20 19:53:33.886095208,192.168.1.157,142.251.32.110,Application Data
2022-11-20 19:53:33.886538668,142.251.32.110,192.168.1.157,https(443)  >  55930 [ACK] Seq=8209 Ack=1920 Win=64240 Len=0
2022-11-20 19:53:33.886728604,192.168.1.157,142.251.32.110,Application Data
2022-11-20 19:53:33.886759171,192.168.1.157,142.251.32.110,"55930  >  https(443) [FIN, ACK] Seq=1944 Ack=8209 Win=63540 Len=0"
2022-11-20 19:53:33.887145472,142.251.32.110,192.168.1.157,https(443)  >  55930 [ACK] Seq=8209 Ack=1944 Win=64240 Len=0
2022-11-20 19:53:33.887145512,142.251.32.110,192.168.1.157,https(443)  >  55930 [ACK] Seq=8209 Ack=1945 Win=64239 Len=0
2022-11-20 19:53:33.889277778,142.251.32.110,192.168.1.157,"https(443)  >  55930 [FIN, PSH, ACK] Seq=8209 Ack=1945 Win=64239 Len=0"
2022-11-20 19:53:33.889285670,192.168.1.157,142.251.32.110,55930  >  https(443) [ACK] Seq=1945 Ack=8210 Win=63540 Len=0
2022-11-20 19:53:35.704525785,192.168.1.157,192.168.1.161,[TCP Keep-Alive] 42650  >  esmagent(5601) [ACK] Seq=22784 Ack=52259 Win=139392 Len=0 TSval=4056242936 TSecr=1379304428
2022-11-20 19:53:35.704881924,192.168.1.161,192.168.1.157,[TCP Keep-Alive ACK] esmagent(5601)  >  42650 [ACK] Seq=52259 Ack=22785 Win=64128 Len=0 TSval=1379314438 TSecr=4056232952
2022-11-20 19:53:35.800440524,192.168.1.157,192.168.1.161,[TCP Keep-Alive] 41646  >  esmagent(5601) [ACK] Seq=440 Ack=354 Win=64128 Len=0 TSval=4056243032 TSecr=1379304382
2022-11-20 19:53:35.800478915,192.168.1.157,192.168.1.161,[TCP Keep-Alive] 41672  >  esmagent(5601) [ACK] Seq=435 Ack=365 Win=64128 Len=0 TSval=4056243032 TSecr=1379304385
2022-11-20 19:53:35.800479726,192.168.1.157,192.168.1.161,[TCP Keep-Alive] 41656  >  esmagent(5601) [ACK] Seq=429 Ack=457 Win=64128 Len=0 TSval=4056243032 TSecr=1379304392
2022-11-20 19:53:35.800494008,192.168.1.157,192.168.1.161,[TCP Keep-Alive] 41640  >  esmagent(5601) [ACK] Seq=405 Ack=553 Win=64128 Len=0 TSval=4056243032 TSecr=1379304389
2022-11-20 19:53:35.800506147,192.168.1.157,192.168.1.161,[TCP Keep-Alive] 41628  >  esmagent(5601) [ACK] Seq=433 Ack=888 Win=64128 Len=0 TSval=4056243032 TSecr=1379304391
2022-11-20 19:53:35.800982967,192.168.1.161,192.168.1.157,[TCP Keep-Alive ACK] esmagent(5601)  >  41646 [ACK] Seq=354 Ack=441 Win=64768 Len=0 TSval=1379314534 TSecr=4056232865
2022-11-20 19:53:35.800983017,192.168.1.161,192.168.1.157,[TCP Keep-Alive ACK] esmagent(5601)  >  41672 [ACK] Seq=365 Ack=436 Win=64768 Len=0 TSval=1379314534 TSecr=4056232868
2022-11-20 19:53:35.800983047,192.168.1.161,192.168.1.157,[TCP Keep-Alive ACK] esmagent(5601)  >  41656 [ACK] Seq=457 Ack=430 Win=64768 Len=0 TSval=1379314534 TSecr=4056232875
2022-11-20 19:53:35.801144681,192.168.1.161,192.168.1.157,[TCP Keep-Alive ACK] esmagent(5601)  >  41640 [ACK] Seq=553 Ack=406 Win=64768 Len=0 TSval=1379314534 TSecr=4056232872
2022-11-20 19:53:35.801195602,192.168.1.161,192.168.1.157,[TCP Keep-Alive ACK] esmagent(5601)  >  41628 [ACK] Seq=888 Ack=434 Win=64768 Len=0 TSval=1379314535 TSecr=4056232874
2022-11-20 19:53:41.176382347,192.168.1.157,142.251.32.99,[TCP Dup ACK 188#1] 51858  >  http(80) [ACK] Seq=1 Ack=1 Win=63527 Len=0
2022-11-20 19:53:41.176825907,142.251.32.99,192.168.1.157,[TCP Dup ACK 224#3] http(80)  >  51858 [ACK] Seq=1 Ack=2 Win=64240 Len=0
2022-11-20 19:53:45.784342573,192.168.1.157,192.168.1.161,[TCP Keep-Alive] 42650  >  esmagent(5601) [ACK] Seq=22784 Ack=52259 Win=139392 Len=0 TSval=4056253016 TSecr=1379314438
2022-11-20 19:53:45.784817076,192.168.1.161,192.168.1.157,[TCP Keep-Alive ACK] esmagent(5601)  >  42650 [ACK] Seq=52259 Ack=22785 Win=64128 Len=0 TSval=1379324552 TSecr=4056232952
2022-11-20 19:53:46.040453086,192.168.1.157,192.168.1.161,[TCP Keep-Alive] 41646  >  esmagent(5601) [ACK] Seq=440 Ack=354 Win=64128 Len=0 TSval=4056253272 TSecr=1379314534
2022-11-20 19:53:46.040496151,192.168.1.157,192.168.1.161,[TCP Keep-Alive] 41672  >  esmagent(5601) [ACK] Seq=435 Ack=365 Win=64128 Len=0 TSval=4056253272 TSecr=1379314534
2022-11-20 19:53:46.040496899,192.168.1.157,192.168.1.161,[TCP Keep-Alive] 41656  >  esmagent(5601) [ACK] Seq=429 Ack=457 Win=64128 Len=0 TSval=4056253272 TSecr=1379314534
2022-11-20 19:53:46.040512611,192.168.1.157,192.168.1.161,[TCP Keep-Alive] 41640  >  esmagent(5601) [ACK] Seq=405 Ack=553 Win=64128 Len=0 TSval=4056253272 TSecr=1379314534
2022-11-20 19:53:46.040524113,192.168.1.157,192.168.1.161,[TCP Keep-Alive] 41628  >  esmagent(5601) [ACK] Seq=433 Ack=888 Win=64128 Len=0 TSval=4056253272 TSecr=1379314535
2022-11-20 19:53:46.040786934,192.168.1.161,192.168.1.157,[TCP Keep-Alive ACK] esmagent(5601)  >  41646 [ACK] Seq=354 Ack=441 Win=64768 Len=0 TSval=1379324809 TSecr=4056232865
2022-11-20 19:53:46.040859398,192.168.1.161,192.168.1.157,[TCP Keep-Alive ACK] esmagent(5601)  >  41672 [ACK] Seq=365 Ack=436 Win=64768 Len=0 TSval=1379324809 TSecr=4056232868
2022-11-20 19:53:46.040963555,192.168.1.161,192.168.1.157,[TCP Keep-Alive ACK] esmagent(5601)  >  41656 [ACK] Seq=457 Ack=430 Win=64768 Len=0 TSval=1379324809 TSecr=4056232875
2022-11-20 19:53:46.041117730,192.168.1.161,192.168.1.157,[TCP Keep-Alive ACK] esmagent(5601)  >  41640 [ACK] Seq=553 Ack=406 Win=64768 Len=0 TSval=1379324809 TSecr=4056232872
2022-11-20 19:53:46.041150281,192.168.1.161,192.168.1.157,[TCP Keep-Alive ACK] esmagent(5601)  >  41628 [ACK] Seq=888 Ack=434 Win=64768 Len=0 TSval=1379324809 TSecr=4056232874
2022-11-20 19:53:51.416317305,192.168.1.157,142.251.32.99,[TCP Dup ACK 188#1] 51858  >  http(80) [ACK] Seq=1 Ack=1 Win=63527 Len=0
2022-11-20 19:53:51.416822061,142.251.32.99,192.168.1.157,[TCP Dup ACK 224#4] http(80)  >  51858 [ACK] Seq=1 Ack=2 Win=64240 Len=0
2022-11-20 19:53:52.004444947,192.168.1.157,34.120.115.102,Application Data
2022-11-20 19:53:52.004493131,192.168.1.157,34.102.187.140,Application Data
2022-11-20 19:53:52.004883661,34.120.115.102,192.168.1.157,https(443)  >  37032 [ACK] Seq=1 Ack=40 Win=64240 Len=0
2022-11-20 19:53:52.004962859,34.102.187.140,192.168.1.157,https(443)  >  39424 [ACK] Seq=1 Ack=47 Win=64240 Len=0
2022-11-20 19:53:52.014837010,34.120.115.102,192.168.1.157,Application Data
2022-11-20 19:53:52.014842814,192.168.1.157,34.120.115.102,37032  >  https(443) [ACK] Seq=40 Ack=40 Win=62780 Len=0
2022-11-20 19:53:52.015529064,34.102.187.140,192.168.1.157,Application Data
2022-11-20 19:53:52.015533679,192.168.1.157,34.102.187.140,39424  >  https(443) [ACK] Seq=47 Ack=47 Win=62780 Len=0
2022-11-20 19:53:53.489101780,192.168.1.157,197.227.21.70,46316  >  http(80) [SYN] Seq=0 Win=64240 Len=0 MSS=1460 SACK_PERM TSval=3836597011 TSecr=0 WS=128
2022-11-20 19:53:53.493284050,192.168.1.157,197.227.21.70,46328  >  http(80) [SYN] Seq=0 Win=64240 Len=0 MSS=1460 SACK_PERM TSval=3836597015 TSecr=0 WS=128
2022-11-20 19:53:53.743569269,192.168.1.157,197.227.21.70,46330  >  http(80) [SYN] Seq=0 Win=64240 Len=0 MSS=1460 SACK_PERM TSval=3836597265 TSecr=0 WS=128
2022-11-20 19:53:54.520534342,192.168.1.157,197.227.21.70,[TCP Retransmission] [TCP Port numbers reused] 46328  >  http(80) [SYN] Seq=0 Win=64240 Len=0 MSS=1460 SACK_PERM TSval=3836598042 TSecr=0 WS=128
2022-11-20 19:53:54.520619491,192.168.1.157,197.227.21.70,[TCP Retransmission] [TCP Port numbers reused] 46316  >  http(80) [SYN] Seq=0 Win=64240 Len=0 MSS=1460 SACK_PERM TSval=3836598042 TSecr=0 WS=128
2022-11-20 19:53:54.744692504,192.168.1.157,197.227.21.70,[TCP Retransmission] [TCP Port numbers reused] 46330  >  http(80) [SYN] Seq=0 Win=64240 Len=0 MSS=1460 SACK_PERM TSval=3836598266 TSecr=0 WS=128
2022-11-20 19:53:56.024642472,192.168.1.157,192.168.1.161,[TCP Keep-Alive] 42650  >  esmagent(5601) [ACK] Seq=22784 Ack=52259 Win=139392 Len=0 TSval=4056263256 TSecr=1379324552
2022-11-20 19:53:56.024969600,192.168.1.161,192.168.1.157,[TCP Keep-Alive ACK] esmagent(5601)  >  42650 [ACK] Seq=52259 Ack=22785 Win=64128 Len=0 TSval=1379334808 TSecr=4056232952
2022-11-20 19:53:56.281005083,192.168.1.157,192.168.1.161,[TCP Keep-Alive] 41646  >  esmagent(5601) [ACK] Seq=440 Ack=354 Win=64128 Len=0 TSval=4056263513 TSecr=1379324809
2022-11-20 19:53:56.281039724,192.168.1.157,192.168.1.161,[TCP Keep-Alive] 41672  >  esmagent(5601) [ACK] Seq=435 Ack=365 Win=64128 Len=0 TSval=4056263513 TSecr=1379324809
2022-11-20 19:53:56.281040483,192.168.1.157,192.168.1.161,[TCP Keep-Alive] 41656  >  esmagent(5601) [ACK] Seq=429 Ack=457 Win=64128 Len=0 TSval=4056263513 TSecr=1379324809
2022-11-20 19:53:56.281053936,192.168.1.157,192.168.1.161,[TCP Keep-Alive] 41640  >  esmagent(5601) [ACK] Seq=405 Ack=553 Win=64128 Len=0 TSval=4056263513 TSecr=1379324809
2022-11-20 19:53:56.281066479,192.168.1.157,192.168.1.161,[TCP Keep-Alive] 41628  >  esmagent(5601) [ACK] Seq=433 Ack=888 Win=64128 Len=0 TSval=4056263513 TSecr=1379324809
2022-11-20 19:53:56.281406799,192.168.1.161,192.168.1.157,[TCP Keep-Alive ACK] esmagent(5601)  >  41646 [ACK] Seq=354 Ack=441 Win=64768 Len=0 TSval=1379335064 TSecr=4056232865
2022-11-20 19:53:56.281493110,192.168.1.161,192.168.1.157,[TCP Keep-Alive ACK] esmagent(5601)  >  41672 [ACK] Seq=365 Ack=436 Win=64768 Len=0 TSval=1379335064 TSecr=4056232868
2022-11-20 19:53:56.281536036,192.168.1.161,192.168.1.157,[TCP Keep-Alive ACK] esmagent(5601)  >  41656 [ACK] Seq=457 Ack=430 Win=64768 Len=0 TSval=1379335064 TSecr=4056232875
2022-11-20 19:53:56.281617790,192.168.1.161,192.168.1.157,[TCP Keep-Alive ACK] esmagent(5601)  >  41640 [ACK] Seq=553 Ack=406 Win=64768 Len=0 TSval=1379335064 TSecr=4056232872
2022-11-20 19:53:56.281708300,192.168.1.161,192.168.1.157,[TCP Keep-Alive ACK] esmagent(5601)  >  41628 [ACK] Seq=888 Ack=434 Win=64768 Len=0 TSval=1379335065 TSecr=4056232874
2022-11-20 19:53:56.536313698,192.168.1.157,197.227.21.70,[TCP Retransmission] [TCP Port numbers reused] 46316  >  http(80) [SYN] Seq=0 Win=64240 Len=0 MSS=1460 SACK_PERM TSval=3836600058 TSecr=0 WS=128
2022-11-20 19:53:56.536347429,192.168.1.157,197.227.21.70,[TCP Retransmission] [TCP Port numbers reused] 46328  >  http(80) [SYN] Seq=0 Win=64240 Len=0 MSS=1460 SACK_PERM TSval=3836600058 TSecr=0 WS=128
2022-11-20 19:53:56.760433857,192.168.1.157,197.227.21.70,[TCP Retransmission] [TCP Port numbers reused] 46330  >  http(80) [SYN] Seq=0 Win=64240 Len=0 MSS=1460 SACK_PERM TSval=3836600282 TSecr=0 WS=128
2022-11-20 19:53:58.491880137,192.168.1.157,142.251.40.142,Application Data
2022-11-20 19:53:58.492911718,142.251.40.142,192.168.1.157,https(443)  >  59084 [ACK] Seq=1 Ack=40 Win=64240 Len=0
2022-11-20 19:53:58.497127322,142.251.40.142,192.168.1.157,Application Data
2022-11-20 19:53:58.497134760,192.168.1.157,142.251.40.142,59084  >  https(443) [ACK] Seq=40 Ack=40 Win=62780 Len=0
2022-11-20 19:53:59.480071411,192.168.1.157,34.120.115.102,Application Data
2022-11-20 19:53:59.480647387,34.120.115.102,192.168.1.157,https(443)  >  37032 [ACK] Seq=40 Ack=146 Win=64240 Len=0
2022-11-20 19:53:59.480927082,192.168.1.157,34.120.115.102,Application Data
2022-11-20 19:53:59.481350429,34.120.115.102,192.168.1.157,https(443)  >  37032 [ACK] Seq=40 Ack=254 Win=64240 Len=0
2022-11-20 19:53:59.493843994,34.120.115.102,192.168.1.157,Application Data
2022-11-20 19:53:59.493853782,192.168.1.157,34.120.115.102,37032  >  https(443) [ACK] Seq=254 Ack=123 Win=62780 Len=0
2022-11-20 19:53:59.494018810,192.168.1.157,34.120.115.102,Application Data
2022-11-20 19:53:59.494364062,34.120.115.102,192.168.1.157,https(443)  >  37032 [ACK] Seq=123 Ack=293 Win=64240 Len=0
2022-11-20 19:53:59.504394185,34.120.115.102,192.168.1.157,Application Data
2022-11-20 19:53:59.548456021,192.168.1.157,34.120.115.102,37032  >  https(443) [ACK] Seq=293 Ack=189 Win=62780 Len=0
2022-11-20 19:54:00.632539355,192.168.1.157,197.227.21.70,[TCP Retransmission] [TCP Port numbers reused] 46328  >  http(80) [SYN] Seq=0 Win=64240 Len=0 MSS=1460 SACK_PERM TSval=3836604154 TSecr=0 WS=128
2022-11-20 19:54:00.632591610,192.168.1.157,197.227.21.70,[TCP Retransmission] [TCP Port numbers reused] 46316  >  http(80) [SYN] Seq=0 Win=64240 Len=0 MSS=1460 SACK_PERM TSval=3836604154 TSecr=0 WS=128
2022-11-20 19:54:00.892803326,192.168.1.157,197.227.21.70,[TCP Retransmission] [TCP Port numbers reused] 46330  >  http(80) [SYN] Seq=0 Win=64240 Len=0 MSS=1460 SACK_PERM TSval=3836604414 TSecr=0 WS=128
2022-11-20 19:54:01.656706785,192.168.1.157,142.251.32.99,[TCP Dup ACK 188#1] 51858  >  http(80) [ACK] Seq=1 Ack=1 Win=63527 Len=0
2022-11-20 19:54:01.657111604,142.251.32.99,192.168.1.157,[TCP Dup ACK 224#5] http(80)  >  51858 [ACK] Seq=1 Ack=2 Win=64240 Len=0
2022-11-20 19:54:05.494277761,192.168.1.157,34.120.115.102,Application Data
2022-11-20 19:54:05.494488285,192.168.1.157,34.120.115.102,Application Data
2022-11-20 19:54:05.494909881,34.120.115.102,192.168.1.157,https(443)  >  37032 [ACK] Seq=189 Ack=399 Win=64240 Len=0
2022-11-20 19:54:05.494979165,34.120.115.102,192.168.1.157,https(443)  >  37032 [ACK] Seq=189 Ack=507 Win=64240 Len=0
2022-11-20 19:54:05.505421788,34.120.115.102,192.168.1.157,Application Data
2022-11-20 19:54:05.505429781,192.168.1.157,34.120.115.102,37032  >  https(443) [ACK] Seq=507 Ack=272 Win=62780 Len=0
2022-11-20 19:54:05.505578393,192.168.1.157,34.120.115.102,Application Data
2022-11-20 19:54:05.505877487,34.120.115.102,192.168.1.157,https(443)  >  37032 [ACK] Seq=272 Ack=546 Win=64240 Len=0
2022-11-20 19:54:05.515974429,34.120.115.102,192.168.1.157,Application Data
2022-11-20 19:54:05.556355135,192.168.1.157,34.120.115.102,37032  >  https(443) [ACK] Seq=546 Ack=338 Win=62780 Len=0
2022-11-20 19:54:06.039715147,192.168.1.157,144.48.228.82,53550  >  http(80) [SYN] Seq=0 Win=64240 Len=0 MSS=1460 SACK_PERM TSval=2882662801 TSecr=0 WS=128
2022-11-20 19:54:06.043104049,192.168.1.157,144.48.228.82,53564  >  http(80) [SYN] Seq=0 Win=64240 Len=0 MSS=1460 SACK_PERM TSval=2882662805 TSecr=0 WS=128
2022-11-20 19:54:06.265082017,192.168.1.157,192.168.1.161,[TCP Keep-Alive] 42650  >  esmagent(5601) [ACK] Seq=22784 Ack=52259 Win=139392 Len=0 TSval=4056273497 TSecr=1379334808
2022-11-20 19:54:06.265414207,192.168.1.161,192.168.1.157,[TCP Keep-Alive ACK] esmagent(5601)  >  42650 [ACK] Seq=52259 Ack=22785 Win=64128 Len=0 TSval=1379345049 TSecr=4056232952
2022-11-20 19:54:06.293977726,192.168.1.157,144.48.228.82,53566  >  http(80) [SYN] Seq=0 Win=64240 Len=0 MSS=1460 SACK_PERM TSval=2882663056 TSecr=0 WS=128
2022-11-20 19:54:06.520600095,192.168.1.157,192.168.1.161,[TCP Keep-Alive] 41672  >  esmagent(5601) [ACK] Seq=435 Ack=365 Win=64128 Len=0 TSval=4056273752 TSecr=1379335064
2022-11-20 19:54:06.520646095,192.168.1.157,192.168.1.161,[TCP Keep-Alive] 41656  >  esmagent(5601) [ACK] Seq=429 Ack=457 Win=64128 Len=0 TSval=4056273752 TSecr=1379335064
2022-11-20 19:54:06.520934316,192.168.1.161,192.168.1.157,[TCP Keep-Alive ACK] esmagent(5601)  >  41672 [ACK] Seq=365 Ack=436 Win=64768 Len=0 TSval=1379345304 TSecr=4056232868
2022-11-20 19:54:06.521049704,192.168.1.161,192.168.1.157,[TCP Keep-Alive ACK] esmagent(5601)  >  41656 [ACK] Seq=457 Ack=430 Win=64768 Len=0 TSval=1379345304 TSecr=4056232875
2022-11-20 19:54:06.524677068,192.168.1.157,192.168.1.161,[TCP Keep-Alive] 41646  >  esmagent(5601) [ACK] Seq=440 Ack=354 Win=64128 Len=0 TSval=4056273756 TSecr=1379335064
2022-11-20 19:54:06.524726619,192.168.1.157,192.168.1.161,[TCP Keep-Alive] 41640  >  esmagent(5601) [ACK] Seq=405 Ack=553 Win=64128 Len=0 TSval=4056273756 TSecr=1379335064
2022-11-20 19:54:06.524744926,192.168.1.157,192.168.1.161,[TCP Keep-Alive] 41628  >  esmagent(5601) [ACK] Seq=433 Ack=888 Win=64128 Len=0 TSval=4056273756 TSecr=1379335065
2022-11-20 19:54:06.525113981,192.168.1.161,192.168.1.157,[TCP Keep-Alive ACK] esmagent(5601)  >  41646 [ACK] Seq=354 Ack=441 Win=64768 Len=0 TSval=1379345308 TSecr=4056232865
2022-11-20 19:54:06.525161691,192.168.1.161,192.168.1.157,[TCP Keep-Alive ACK] esmagent(5601)  >  41640 [ACK] Seq=553 Ack=406 Win=64768 Len=0 TSval=1379345308 TSecr=4056232872
2022-11-20 19:54:06.525275599,192.168.1.161,192.168.1.157,[TCP Keep-Alive ACK] esmagent(5601)  >  41628 [ACK] Seq=888 Ack=434 Win=64768 Len=0 TSval=1379345308 TSecr=4056232874
2022-11-20 19:54:07.064448756,192.168.1.157,144.48.228.82,[TCP Retransmission] [TCP Port numbers reused] 53564  >  http(80) [SYN] Seq=0 Win=64240 Len=0 MSS=1460 SACK_PERM TSval=2882663826 TSecr=0 WS=128
2022-11-20 19:54:07.064478680,192.168.1.157,144.48.228.82,[TCP Retransmission] [TCP Port numbers reused] 53550  >  http(80) [SYN] Seq=0 Win=64240 Len=0 MSS=1460 SACK_PERM TSval=2882663826 TSecr=0 WS=128
2022-11-20 19:54:07.320672057,192.168.1.157,144.48.228.82,[TCP Retransmission] [TCP Port numbers reused] 53566  >  http(80) [SYN] Seq=0 Win=64240 Len=0 MSS=1460 SACK_PERM TSval=2882664082 TSecr=0 WS=128
2022-11-20 19:54:08.824582407,192.168.1.157,197.227.21.70,[TCP Retransmission] [TCP Port numbers reused] 46316  >  http(80) [SYN] Seq=0 Win=64240 Len=0 MSS=1460 SACK_PERM TSval=3836612346 TSecr=0 WS=128
2022-11-20 19:54:08.824616395,192.168.1.157,197.227.21.70,[TCP Retransmission] [TCP Port numbers reused] 46328  >  http(80) [SYN] Seq=0 Win=64240 Len=0 MSS=1460 SACK_PERM TSval=3836612346 TSecr=0 WS=128
2022-11-20 19:54:09.080547912,192.168.1.157,144.48.228.82,[TCP Retransmission] [TCP Port numbers reused] 53550  >  http(80) [SYN] Seq=0 Win=64240 Len=0 MSS=1460 SACK_PERM TSval=2882665842 TSecr=0 WS=128
2022-11-20 19:54:09.080577390,192.168.1.157,197.227.21.70,[TCP Retransmission] [TCP Port numbers reused] 46330  >  http(80) [SYN] Seq=0 Win=64240 Len=0 MSS=1460 SACK_PERM TSval=3836612602 TSecr=0 WS=128
2022-11-20 19:54:09.080588707,192.168.1.157,144.48.228.82,[TCP Retransmission] [TCP Port numbers reused] 53564  >  http(80) [SYN] Seq=0 Win=64240 Len=0 MSS=1460 SACK_PERM TSval=2882665842 TSecr=0 WS=128
2022-11-20 19:54:09.336621088,192.168.1.157,144.48.228.82,[TCP Retransmission] [TCP Port numbers reused] 53566  >  http(80) [SYN] Seq=0 Win=64240 Len=0 MSS=1460 SACK_PERM TSval=2882666098 TSecr=0 WS=128
2022-11-20 19:54:10.140798702,192.168.1.157,157.240.241.35,39976  >  https(443) [SYN] Seq=0 Win=64240 Len=0 MSS=1460 SACK_PERM TSval=3008555935 TSecr=0 WS=128
2022-11-20 19:54:10.149094499,157.240.241.35,192.168.1.157,"https(443)  >  39976 [SYN, ACK] Seq=0 Ack=1 Win=64240 Len=0 MSS=1460"
2022-11-20 19:54:10.149117044,192.168.1.157,157.240.241.35,39976  >  https(443) [ACK] Seq=1 Ack=1 Win=64240 Len=0
2022-11-20 19:54:10.150190309,192.168.1.157,157.240.241.35,Client Hello
2022-11-20 19:54:10.150537639,157.240.241.35,192.168.1.157,https(443)  >  39976 [ACK] Seq=1 Ack=518 Win=64240 Len=0
2022-11-20 19:54:10.161032059,157.240.241.35,192.168.1.157,"Server Hello, Change Cipher Spec, Application Data, Application Data"
2022-11-20 19:54:10.161045548,192.168.1.157,157.240.241.35,39976  >  https(443) [ACK] Seq=518 Ack=2921 Win=62780 Len=0
2022-11-20 19:54:10.161270298,157.240.241.35,192.168.1.157,Application Data
2022-11-20 19:54:10.161277653,192.168.1.157,157.240.241.35,39976  >  https(443) [ACK] Seq=518 Ack=3434 Win=62267 Len=0
2022-11-20 19:54:10.599757730,192.168.1.157,72.21.91.29,49280  >  http(80) [SYN] Seq=0 Win=64240 Len=0 MSS=1460 SACK_PERM TSval=726233770 TSecr=0 WS=128
2022-11-20 19:54:10.606182163,72.21.91.29,192.168.1.157,"http(80)  >  49280 [SYN, ACK] Seq=0 Ack=1 Win=64240 Len=0 MSS=1460"
2022-11-20 19:54:10.606207130,192.168.1.157,72.21.91.29,49280  >  http(80) [ACK] Seq=1 Ack=1 Win=64240 Len=0
2022-11-20 19:54:10.606398397,192.168.1.157,72.21.91.29,Request
2022-11-20 19:54:10.606761288,72.21.91.29,192.168.1.157,http(80)  >  49280 [ACK] Seq=1 Ack=417 Win=64240 Len=0
2022-11-20 19:54:10.618156657,72.21.91.29,192.168.1.157,Response
2022-11-20 19:54:10.618169175,192.168.1.157,72.21.91.29,49280  >  http(80) [ACK] Seq=417 Ack=799 Win=63840 Len=0
2022-11-20 19:54:10.619265815,192.168.1.157,157.240.241.35,"Change Cipher Spec, Application Data"
2022-11-20 19:54:10.619580474,192.168.1.157,157.240.241.35,Application Data
2022-11-20 19:54:10.619651441,157.240.241.35,192.168.1.157,https(443)  >  39976 [ACK] Seq=3434 Ack=582 Win=64240 Len=0
2022-11-20 19:54:10.619669653,192.168.1.157,157.240.241.35,Application Data
2022-11-20 19:54:10.620049876,157.240.241.35,192.168.1.157,https(443)  >  39976 [ACK] Seq=3434 Ack=752 Win=64240 Len=0
2022-11-20 19:54:10.620107685,157.240.241.35,192.168.1.157,https(443)  >  39976 [ACK] Seq=3434 Ack=1093 Win=64240 Len=0
2022-11-20 19:54:10.629908473,157.240.241.35,192.168.1.157,Application Data
2022-11-20 19:54:10.629921071,192.168.1.157,157.240.241.35,39976  >  https(443) [ACK] Seq=1093 Ack=3605 Win=62780 Len=0
2022-11-20 19:54:10.629986815,157.240.241.35,192.168.1.157,Application Data
2022-11-20 19:54:10.629989377,192.168.1.157,157.240.241.35,39976  >  https(443) [ACK] Seq=1093 Ack=3679 Win=62780 Len=0
2022-11-20 19:54:10.630302175,192.168.1.157,157.240.241.35,Application Data
2022-11-20 19:54:10.630711317,157.240.241.35,192.168.1.157,https(443)  >  39976 [ACK] Seq=3679 Ack=1124 Win=64240 Len=0
2022-11-20 19:54:10.638760651,157.240.241.35,192.168.1.157,Application Data
2022-11-20 19:54:10.680397503,192.168.1.157,157.240.241.35,39976  >  https(443) [ACK] Seq=1124 Ack=3723 Win=62780 Len=0
2022-11-20 19:54:10.762202421,157.240.241.35,192.168.1.157,https(443)  >  39976 [ACK] Seq=3723 Ack=1124 Win=64240 Len=1460 [TCP segment of a reassembled PDU]
2022-11-20 19:54:10.762218332,192.168.1.157,157.240.241.35,39976  >  https(443) [ACK] Seq=1124 Ack=5183 Win=62780 Len=0
2022-11-20 19:54:10.762288448,157.240.241.35,192.168.1.157,https(443)  >  39976 [ACK] Seq=5183 Ack=1124 Win=64240 Len=1460 [TCP segment of a reassembled PDU]
2022-11-20 19:54:10.762294832,192.168.1.157,157.240.241.35,39976  >  https(443) [ACK] Seq=1124 Ack=6643 Win=62780 Len=0
2022-11-20 19:54:10.762438488,157.240.241.35,192.168.1.157,Application Data
2022-11-20 19:54:10.762441590,192.168.1.157,157.240.241.35,39976  >  https(443) [ACK] Seq=1124 Ack=7899 Win=62780 Len=0
2022-11-20 19:54:10.762486300,157.240.241.35,192.168.1.157,Application Data
2022-11-20 19:54:10.762487981,192.168.1.157,157.240.241.35,39976  >  https(443) [ACK] Seq=1124 Ack=9291 Win=62780 Len=0
2022-11-20 19:54:10.762925762,157.240.241.35,192.168.1.157,Application Data
2022-11-20 19:54:10.762930806,192.168.1.157,157.240.241.35,39976  >  https(443) [ACK] Seq=1124 Ack=10751 Win=62780 Len=0
2022-11-20 19:54:10.762987723,157.240.241.35,192.168.1.157,Application Data
2022-11-20 19:54:10.762989935,192.168.1.157,157.240.241.35,39976  >  https(443) [ACK] Seq=1124 Ack=10952 Win=62780 Len=0
2022-11-20 19:54:10.764706387,157.240.241.35,192.168.1.157,Application Data
2022-11-20 19:54:10.764712411,192.168.1.157,157.240.241.35,39976  >  https(443) [ACK] Seq=1124 Ack=13736 Win=62780 Len=0
2022-11-20 19:54:10.765009779,157.240.241.35,192.168.1.157,"Application Data, Application Data"
2022-11-20 19:54:10.765013431,192.168.1.157,157.240.241.35,39976  >  https(443) [ACK] Seq=1124 Ack=16520 Win=62780 Len=0
2022-11-20 19:54:10.771707393,157.240.241.35,192.168.1.157,"Application Data, Application Data"
2022-11-20 19:54:10.771716499,192.168.1.157,157.240.241.35,39976  >  https(443) [ACK] Seq=1124 Ack=17980 Win=62780 Len=0
2022-11-20 19:54:10.771783714,157.240.241.35,192.168.1.157,Application Data
2022-11-20 19:54:10.771786525,192.168.1.157,157.240.241.35,39976  >  https(443) [ACK] Seq=1124 Ack=20696 Win=61320 Len=0
2022-11-20 19:54:10.772140601,157.240.241.35,192.168.1.157,Application Data
2022-11-20 19:54:10.772140641,157.240.241.35,192.168.1.157,Application Data
2022-11-20 19:54:10.772145554,192.168.1.157,157.240.241.35,39976  >  https(443) [ACK] Seq=1124 Ack=22088 Win=62780 Len=0
2022-11-20 19:54:10.772165808,192.168.1.157,157.240.241.35,39976  >  https(443) [ACK] Seq=1124 Ack=23480 Win=62780 Len=0
2022-11-20 19:54:10.772276411,157.240.241.35,192.168.1.157,Application Data
2022-11-20 19:54:10.772873088,157.240.241.35,192.168.1.157,Application Data
2022-11-20 19:54:10.772877581,192.168.1.157,157.240.241.35,39976  >  https(443) [ACK] Seq=1124 Ack=26332 Win=62780 Len=0
2022-11-20 19:54:10.772933778,157.240.241.35,192.168.1.157,Application Data
2022-11-20 19:54:10.772950780,192.168.1.157,157.240.241.35,39976  >  https(443) [ACK] Seq=1124 Ack=26440 Win=62780 Len=0
2022-11-20 19:54:10.776742432,192.168.1.157,157.240.241.35,Application Data
2022-11-20 19:54:10.777278869,157.240.241.35,192.168.1.157,https(443)  >  39976 [ACK] Seq=26440 Ack=1163 Win=64240 Len=0
2022-11-20 19:54:10.777363045,192.168.1.157,157.240.241.35,Application Data
2022-11-20 19:54:10.777389392,192.168.1.157,157.240.241.35,"39976  >  https(443) [FIN, ACK] Seq=1187 Ack=26440 Win=62780 Len=0"
2022-11-20 19:54:10.777763571,157.240.241.35,192.168.1.157,https(443)  >  39976 [ACK] Seq=26440 Ack=1187 Win=64240 Len=0
2022-11-20 19:54:10.777844074,157.240.241.35,192.168.1.157,https(443)  >  39976 [ACK] Seq=26440 Ack=1188 Win=64239 Len=0
2022-11-20 19:54:10.782188834,157.240.241.35,192.168.1.157,Application Data
2022-11-20 19:54:10.782196329,192.168.1.157,157.240.241.35,39976  >  https(443) [RST] Seq=1188 Win=0 Len=0
2022-11-20 19:54:11.129450890,192.168.1.157,157.240.241.35,56524  >  https(443) [SYN] Seq=0 Win=64240 Len=0 MSS=1460 SACK_PERM TSval=3008556924 TSecr=0 WS=128
2022-11-20 19:54:11.138867824,157.240.241.35,192.168.1.157,"https(443)  >  56524 [SYN, ACK] Seq=0 Ack=1 Win=64240 Len=0 MSS=1460"
2022-11-20 19:54:11.138894142,192.168.1.157,157.240.241.35,56524  >  https(443) [ACK] Seq=1 Ack=1 Win=64240 Len=0
2022-11-20 19:54:11.140193024,192.168.1.157,157.240.241.35,Client Hello
2022-11-20 19:54:11.140709915,157.240.241.35,192.168.1.157,https(443)  >  56524 [ACK] Seq=1 Ack=518 Win=64240 Len=0
2022-11-20 19:54:11.150375116,157.240.241.35,192.168.1.157,"Server Hello, Change Cipher Spec, Application Data"
2022-11-20 19:54:11.150375196,157.240.241.35,192.168.1.157,Application Data
2022-11-20 19:54:11.150382741,192.168.1.157,157.240.241.35,56524  >  https(443) [ACK] Seq=518 Ack=1393 Win=64032 Len=0
2022-11-20 19:54:11.150411512,192.168.1.157,157.240.241.35,56524  >  https(443) [ACK] Seq=518 Ack=2853 Win=62780 Len=0
2022-11-20 19:54:11.150530848,157.240.241.35,192.168.1.157,Application Data
2022-11-20 19:54:11.150535331,192.168.1.157,157.240.241.35,56524  >  https(443) [ACK] Seq=518 Ack=3434 Win=62199 Len=0
2022-11-20 19:54:11.154945508,192.168.1.157,157.240.241.35,"Change Cipher Spec, Application Data"
2022-11-20 19:54:11.155122005,192.168.1.157,157.240.241.35,Application Data
2022-11-20 19:54:11.155335302,157.240.241.35,192.168.1.157,https(443)  >  56524 [ACK] Seq=3434 Ack=582 Win=64240 Len=0
2022-11-20 19:54:11.155595149,157.240.241.35,192.168.1.157,https(443)  >  56524 [ACK] Seq=3434 Ack=769 Win=64240 Len=0
2022-11-20 19:54:11.167110187,157.240.241.35,192.168.1.157,Application Data
2022-11-20 19:54:11.167222157,157.240.241.35,192.168.1.157,Application Data
2022-11-20 19:54:11.167395762,192.168.1.157,157.240.241.35,56524  >  https(443) [ACK] Seq=769 Ack=3679 Win=62780 Len=0
2022-11-20 19:54:11.167443096,192.168.1.157,157.240.241.35,Application Data
2022-11-20 19:54:11.167461689,192.168.1.157,157.240.241.35,"56524  >  https(443) [FIN, ACK] Seq=793 Ack=3679 Win=62780 Len=0"
2022-11-20 19:54:11.167852389,157.240.241.35,192.168.1.157,https(443)  >  56524 [ACK] Seq=3679 Ack=793 Win=64240 Len=0
2022-11-20 19:54:11.167937210,157.240.241.35,192.168.1.157,https(443)  >  56524 [ACK] Seq=3679 Ack=794 Win=64239 Len=0
2022-11-20 19:54:11.176363201,157.240.241.35,192.168.1.157,Application Data
2022-11-20 19:54:11.176373189,192.168.1.157,157.240.241.35,56524  >  https(443) [RST] Seq=794 Win=0 Len=0
2022-11-20 19:54:11.896835809,192.168.1.157,142.251.32.99,[TCP Dup ACK 188#1] 51858  >  http(80) [ACK] Seq=1 Ack=1 Win=63527 Len=0
2022-11-20 19:54:11.897306817,142.251.32.99,192.168.1.157,[TCP Dup ACK 224#6] http(80)  >  51858 [ACK] Seq=1 Ack=2 Win=64240 Len=0
2022-11-20 19:54:13.176523150,192.168.1.157,144.48.228.82,[TCP Retransmission] [TCP Port numbers reused] 53564  >  http(80) [SYN] Seq=0 Win=64240 Len=0 MSS=1460 SACK_PERM TSval=2882669938 TSecr=0 WS=128
2022-11-20 19:54:16.504766984,192.168.1.157,192.168.1.161,[TCP Keep-Alive] 42650  >  esmagent(5601) [ACK] Seq=22784 Ack=52259 Win=139392 Len=0 TSval=4056283736 TSecr=1379345049
2022-11-20 19:54:16.505233649,192.168.1.161,192.168.1.157,[TCP Keep-Alive ACK] esmagent(5601)  >  42650 [ACK] Seq=52259 Ack=22785 Win=64128 Len=0 TSval=1379355281 TSecr=4056232952
2022-11-20 19:54:16.760904177,192.168.1.157,192.168.1.161,[TCP Keep-Alive] 41672  >  esmagent(5601) [ACK] Seq=435 Ack=365 Win=64128 Len=0 TSval=4056283993 TSecr=1379345304
2022-11-20 19:54:16.760938709,192.168.1.157,192.168.1.161,[TCP Keep-Alive] 41646  >  esmagent(5601) [ACK] Seq=440 Ack=354 Win=64128 Len=0 TSval=4056283993 TSecr=1379345308
2022-11-20 19:54:16.760939920,192.168.1.157,192.168.1.161,[TCP Keep-Alive] 41640  >  esmagent(5601) [ACK] Seq=405 Ack=553 Win=64128 Len=0 TSval=4056283993 TSecr=1379345308
2022-11-20 19:54:16.760940351,192.168.1.157,192.168.1.161,[TCP Keep-Alive] 41628  >  esmagent(5601) [ACK] Seq=433 Ack=888 Win=64128 Len=0 TSval=4056283993 TSecr=1379345308
2022-11-20 19:54:16.760954003,192.168.1.157,192.168.1.161,[TCP Keep-Alive] 41656  >  esmagent(5601) [ACK] Seq=429 Ack=457 Win=64128 Len=0 TSval=4056283993 TSecr=1379345304
2022-11-20 19:54:16.761245435,192.168.1.161,192.168.1.157,[TCP Keep-Alive ACK] esmagent(5601)  >  41672 [ACK] Seq=365 Ack=436 Win=64768 Len=0 TSval=1379355537 TSecr=4056232868
2022-11-20 19:54:16.761295862,192.168.1.161,192.168.1.157,[TCP Keep-Alive ACK] esmagent(5601)  >  41646 [ACK] Seq=354 Ack=441 Win=64768 Len=0 TSval=1379355537 TSecr=4056232865
2022-11-20 19:54:16.761406025,192.168.1.161,192.168.1.157,[TCP Keep-Alive ACK] esmagent(5601)  >  41640 [ACK] Seq=553 Ack=406 Win=64768 Len=0 TSval=1379355537 TSecr=4056232872
2022-11-20 19:54:16.761481506,192.168.1.161,192.168.1.157,[TCP Keep-Alive ACK] esmagent(5601)  >  41628 [ACK] Seq=888 Ack=434 Win=64768 Len=0 TSval=1379355538 TSecr=4056232874
2022-11-20 19:54:16.761563192,192.168.1.161,192.168.1.157,[TCP Keep-Alive ACK] esmagent(5601)  >  41656 [ACK] Seq=457 Ack=430 Win=64768 Len=0 TSval=1379355538 TSecr=4056232875
